timestamp,song_name,artist,valence,energy,hour
01-11-2025 00:03,Barbaad,The Rish,0.28,0.51,0
01-11-2025 00:07,Hurts So Good,Astrid S,0.38,0.61,0
01-11-2025 00:14,Brooklyn Baby,Lana Del Rey,0.09,0.66,0
01-11-2025 02:25,supenatural,Ariana Grande,0.52,0.71,2
01-11-2025 02:30,Hurts So Good,Astrid S,0.38,0.61,2
01-11-2025 12:24,Barbaad,The Rish,0.28,0.51,12
01-11-2025 16:30,Sunflower,"Post Malone, Swae Lee",0.91,0.48,16
01-11-2025 16:35,Promise,Jimin,0.74,0.18,16
01-11-2025 16:40,Attention,NewJeans,0.7,0.65,16
01-11-2025 16:47,WILDFLOWER,Billie Eilish,0.13,0.25,16
01-11-2025 20:39,Sunflower,"Post Malone, Swae Lee",0.91,0.48,20
01-11-2025 20:42,Apocalypse,Cigarettes After Sex,0.17,0.47,20
01-11-2025 20:48,All The Stars,Kendrick Lamar,0.55,0.63,20
01-11-2025 20:53,FAKE LOVE,BTS,0.35,0.72,20
02-11-2025 00:04,Wait On Me,KAI,0.36,0.87,0
02-11-2025 00:09,Love wins all,IU,0.32,0.45,0
02-11-2025 00:12,ONLY,LeeHi,0.15,0.3,0
02-11-2025 12:41,Glimpse of Us,Joji,0.27,0.29,12
02-11-2025 12:47,NO,Meghan Trainor,0.66,0.8,12
02-11-2025 12:54,CHIHIRO,Billie Eilish,0.52,0.43,12
02-11-2025 15:24,Shy (eh o),PENOMECO,0.91,0.66,15
02-11-2025 15:27,Apocalypse,Cigarettes After Sex,0.17,0.47,15
02-11-2025 15:33,august,Taylor Swift,0.4,0.62,15
02-11-2025 15:39,Shy (eh o),PENOMECO,0.91,0.66,15
02-11-2025 15:44,São Paulo,The Weekend,0.55,0.66,15
02-11-2025 15:51,Attention,NewJeans,0.7,0.65,15
02-11-2025 15:58,São Paulo,The Weekend,0.55,0.66,15
02-11-2025 16:03,Magic Shop,BTS,0.28,0.66,16
02-11-2025 19:29,Still With You,Jung Kook,0.34,0.47,19
02-11-2025 20:48,august,Taylor Swift,0.4,0.62,20
02-11-2025 20:55,Love wins all,IU,0.32,0.45,20
02-11-2025 21:01,Young and Beautiful,Lana Del Rey,0.15,0.42,21
02-11-2025 21:07,Attention,NewJeans,0.7,0.65,21
02-11-2025 21:10,Brooklyn Baby,Lana Del Rey,0.09,0.66,21
03-11-2025 00:46,Killin' It Girl,J-Hope,0.8,0.89,0
03-11-2025 00:50,WILDFLOWER,Billie Eilish,0.13,0.25,0
03-11-2025 00:56,Hurts So Good,Astrid S,0.38,0.61,0
03-11-2025 01:02,ONLY,LeeHi,0.15,0.3,1
03-11-2025 01:05,Young and Beautiful,Lana Del Rey,0.15,0.42,1
04-11-2025 12:08,Humsafar,Sachet-Parampara,0.53,0.77,12
04-11-2025 15:24,Attention,NewJeans,0.7,0.65,15
04-11-2025 17:23,Still With You,Jung Kook,0.34,0.47,17
04-11-2025 19:27,Humsafar,Sachet-Parampara,0.53,0.77,19
04-11-2025 23:25,Die With A Smile,Lady Gaga,0.54,0.59,23
04-11-2025 23:30,I Wanna Be Yours,Arctic Monkeys,0.48,0.42,23
04-11-2025 23:35,Harleys In Hawaii,Katy Perry,0.72,0.76,23
04-11-2025 23:42,Wait On Me,KAI,0.36,0.87,23
04-11-2025 23:46,NO,Meghan Trainor,0.66,0.8,23
04-11-2025 23:52,pov,Ariana Grande,0.17,0.53,23
04-11-2025 23:57,NO,Meghan Trainor,0.66,0.8,23
05-11-2025 00:00,Paper Hearts,Tori Kelly,0.24,0.23,0
05-11-2025 00:07,Young and Beautiful,Lana Del Rey,0.15,0.42,0
05-11-2025 00:12,Still With You,Jung Kook,0.34,0.47,0
05-11-2025 00:19,Paradise,Chase Atlantic,0.3,0.8,0
05-11-2025 13:14,pov,Ariana Grande,0.17,0.53,13
05-11-2025 13:19,Replay,SHINee,0.59,0.78,13
05-11-2025 13:25,supenatural,Ariana Grande,0.52,0.71,13
05-11-2025 13:29,Attention,Charlie Puth,0.8,0.61,13
05-11-2025 13:35,Paper Hearts,Tori Kelly,0.24,0.23,13
05-11-2025 13:40,Die With A Smile,Lady Gaga,0.54,0.59,13
05-11-2025 16:13,Jhol - Acoustic,Maanu,0.52,0.26,16
05-11-2025 17:22,Barbaad,The Rish,0.28,0.51,17
05-11-2025 17:26,WOKE UP,XG,0.46,0.63,17
05-11-2025 17:29,Apocalypse,Cigarettes After Sex,0.17,0.47,17
05-11-2025 17:32,supenatural,Ariana Grande,0.52,0.71,17
05-11-2025 17:35,FAKE LOVE,BTS,0.35,0.72,17
05-11-2025 17:41,Replay,SHINee,0.59,0.78,17
05-11-2025 17:48,CHIHIRO,Billie Eilish,0.52,0.43,17
05-11-2025 17:53,Like Jennie,Jennie,0.82,0.74,17
05-11-2025 17:58,pov,Ariana Grande,0.17,0.53,17
05-11-2025 18:03,All The Stars,Kendrick Lamar,0.55,0.63,18
05-11-2025 18:07,All The Stars,Kendrick Lamar,0.55,0.63,18
05-11-2025 18:12,Like Jennie,Jennie,0.82,0.74,18
05-11-2025 20:22,august,Taylor Swift,0.4,0.62,20
06-11-2025 01:53,WILDFLOWER,Billie Eilish,0.13,0.25,1
06-11-2025 15:55,Fantastic Baby,BIGBANG,0.58,0.84,15
06-11-2025 16:00,Die With A Smile,Lady Gaga,0.54,0.59,16
06-11-2025 16:07,I Like It,Cardi B,0.65,0.73,16
06-11-2025 16:14,Style,Taylor Swift,0.46,0.79,16
06-11-2025 16:20,supenatural,Ariana Grande,0.52,0.71,16
06-11-2025 16:25,Magic Shop,BTS,0.28,0.66,16
06-11-2025 16:28,Die With A Smile,Lady Gaga,0.54,0.59,16
06-11-2025 16:33,Die With A Smile,Lady Gaga,0.54,0.59,16
06-11-2025 16:39,Style,Taylor Swift,0.46,0.79,16
06-11-2025 16:44,Harleys In Hawaii,Katy Perry,0.72,0.76,16
06-11-2025 16:51,WOKE UP,XG,0.46,0.63,16
06-11-2025 16:57,Love wins all,IU,0.32,0.45,16
06-11-2025 18:13,Attention,NewJeans,0.7,0.65,18
06-11-2025 18:20,I Like It,Cardi B,0.65,0.73,18
06-11-2025 18:25,FE!N,Travis Scott,0.2,0.88,18
06-11-2025 18:30,Mantra,JENNIE,0.84,0.73,18
06-11-2025 21:08,Moonlight,Chase Atlantic,0.14,0.58,21
06-11-2025 21:13,I Wanna Be Yours,Arctic Monkeys,0.48,0.42,21
06-11-2025 21:18,NO,Meghan Trainor,0.66,0.8,21
06-11-2025 21:24,Attention,Charlie Puth,0.8,0.61,21
06-11-2025 21:29,Harleys In Hawaii,Katy Perry,0.72,0.76,21
06-11-2025 21:36,Fantastic Baby,BIGBANG,0.58,0.84,21
06-11-2025 21:41,CHIHIRO,Billie Eilish,0.52,0.43,21
06-11-2025 21:46,Harleys In Hawaii,Katy Perry,0.72,0.76,21
07-11-2025 01:54,pov,Ariana Grande,0.17,0.53,1
07-11-2025 13:22,Paper Hearts,Tori Kelly,0.24,0.23,13
07-11-2025 13:27,i wish i hated you,Ariana Grande,0.28,0.24,13
07-11-2025 13:33,Harleys In Hawaii,Katy Perry,0.72,0.76,13
07-11-2025 13:39,Wildest Dreams,Taylor Swift,0.47,0.67,13
07-11-2025 13:44,Shy (eh o),PENOMECO,0.91,0.66,13
07-11-2025 17:42,Wait On Me,KAI,0.36,0.87,17
07-11-2025 17:46,NO,Meghan Trainor,0.66,0.8,17
07-11-2025 17:51,Shy (eh o),PENOMECO,0.91,0.66,17
07-11-2025 17:57,Attention,NewJeans,0.7,0.65,17
07-11-2025 18:04,DAISIES,Justin Bieber,0.48,0.38,18
07-11-2025 21:15,Enduko Emo,Alaap Raju,0.7,0.63,21
07-11-2025 21:19,Still With You,Jung Kook,0.34,0.47,21
07-11-2025 21:26,luther (with sza),Kendrick Lamar,0.58,0.57,21
08-11-2025 00:35,Serendipity,BTS,0.23,0.58,0
08-11-2025 13:15,Replay,SHINee,0.59,0.78,13
08-11-2025 13:19,Humsafar,Sachet-Parampara,0.53,0.77,13
08-11-2025 13:25,Chemtrails Over The Country Club,Lana Del Rey,0.43,0.28,13
08-11-2025 13:32,Mantra,JENNIE,0.84,0.73,13
08-11-2025 17:47,Like Jennie,Jennie,0.82,0.74,17
08-11-2025 20:32,Friends,Chase Atlantic,0.08,0.61,20
08-11-2025 20:35,Style,Taylor Swift,0.46,0.79,20
08-11-2025 21:51,Arson,J-Hope,0.27,0.8,21
08-11-2025 21:58,I Like It,Cardi B,0.65,0.73,21
08-11-2025 22:03,supenatural,Ariana Grande,0.52,0.71,22
08-11-2025 23:52,São Paulo,The Weekend,0.55,0.66,23
08-11-2025 23:56,august,Taylor Swift,0.4,0.62,23
09-11-2025 00:00,Still With You,Jung Kook,0.34,0.47,0
09-11-2025 01:16,ONLY,LeeHi,0.15,0.3,1
09-11-2025 01:20,i wish i hated you,Ariana Grande,0.28,0.24,1
10-11-2025 12:09,Love wins all,IU,0.32,0.45,12
10-11-2025 12:13,Swim,Chase Atlantic,0.08,0.54,12
10-11-2025 14:39,I Like It,Cardi B,0.65,0.73,14
10-11-2025 14:45,Mantra,JENNIE,0.84,0.73,14
10-11-2025 14:50,Serendipity,BTS,0.23,0.58,14
10-11-2025 14:55,Hurts So Good,Astrid S,0.38,0.61,14
10-11-2025 15:00,CHIHIRO,Billie Eilish,0.52,0.43,15
10-11-2025 15:05,Harleys In Hawaii,Katy Perry,0.72,0.76,15
10-11-2025 15:12,supenatural,Ariana Grande,0.52,0.71,15
10-11-2025 15:16,Like Jennie,Jennie,0.82,0.74,15
10-11-2025 15:20,São Paulo,The Weekend,0.55,0.66,15
10-11-2025 23:46,Shy (eh o),PENOMECO,0.91,0.66,23
11-11-2025 01:51,Love wins all,IU,0.32,0.45,1
12-11-2025 13:48,Promise,Jimin,0.74,0.18,13
12-11-2025 13:53,Woman,Doja Cat,0.88,0.76,13
12-11-2025 13:56,august,Taylor Swift,0.4,0.62,13
12-11-2025 14:01,All The Stars,Kendrick Lamar,0.55,0.63,14
12-11-2025 16:05,lovely (with Khalid),Billie Eilish,0.12,0.3,16
12-11-2025 16:09,Fantastic Baby,BIGBANG,0.58,0.84,16
12-11-2025 18:07,supenatural,Ariana Grande,0.52,0.71,18
12-11-2025 21:29,Shy (eh o),PENOMECO,0.91,0.66,21
13-11-2025 00:51,Still With You,Jung Kook,0.34,0.47,0
13-11-2025 00:55,Love wins all,IU,0.32,0.45,0
13-11-2025 00:59,Moonlight,Chase Atlantic,0.14,0.58,0
13-11-2025 01:03,Paper Hearts,Tori Kelly,0.24,0.23,1
13-11-2025 12:47,I Like It,Cardi B,0.65,0.73,12
13-11-2025 13:57,I Like It,Cardi B,0.65,0.73,13
13-11-2025 14:03,CHIHIRO,Billie Eilish,0.52,0.43,14
13-11-2025 16:15,Harleys In Hawaii,Katy Perry,0.72,0.76,16
13-11-2025 16:22,Die With A Smile,Lady Gaga,0.54,0.59,16
13-11-2025 19:27,Young and Beautiful,Lana Del Rey,0.15,0.42,19
13-11-2025 19:32,Mi Gente,J Balvin,0.31,0.69,19
13-11-2025 19:37,august,Taylor Swift,0.4,0.62,19
14-11-2025 01:45,Magic Shop,BTS,0.28,0.66,1
14-11-2025 01:49,Love wins all,IU,0.32,0.45,1
14-11-2025 01:53,Into It,Chase Atlantic,0.29,0.57,1
14-11-2025 01:58,ONLY,LeeHi,0.15,0.3,1
14-11-2025 02:03,NO,Meghan Trainor,0.66,0.8,2
15-11-2025 12:49,Who,Jimin,0.84,0.76,12
15-11-2025 15:23,Mantra,JENNIE,0.84,0.73,15
15-11-2025 17:31,Shy (eh o),PENOMECO,0.91,0.66,17
15-11-2025 17:38,All The Stars,Kendrick Lamar,0.55,0.63,17
15-11-2025 17:43,All The Stars,Kendrick Lamar,0.55,0.63,17
15-11-2025 20:56,Brooklyn Baby,Lana Del Rey,0.09,0.66,20
15-11-2025 21:01,Chemtrails Over The Country Club,Lana Del Rey,0.43,0.28,21
15-11-2025 23:41,supenatural,Ariana Grande,0.52,0.71,23
15-11-2025 23:47,Die With A Smile,Lady Gaga,0.54,0.59,23
15-11-2025 23:53,Brooklyn Baby,Lana Del Rey,0.09,0.66,23
16-11-2025 01:54,We Don't Talk Anymore,Charlie Puth,0.35,0.56,1
16-11-2025 13:02,All The Stars,Kendrick Lamar,0.55,0.63,13
16-11-2025 16:57,lovely (with Khalid),Billie Eilish,0.12,0.3,16
16-11-2025 22:07,I Wanna Be Yours,Arctic Monkeys,0.48,0.42,22
16-11-2025 22:12,CHIHIRO,Billie Eilish,0.52,0.43,22
17-11-2025 02:17,Paper Hearts,Tori Kelly,0.24,0.23,2
17-11-2025 16:18,We Don't Talk Anymore,Charlie Puth,0.35,0.56,16
17-11-2025 16:23,Moonlight,Chase Atlantic,0.14,0.58,16
17-11-2025 16:28,Arson,J-Hope,0.27,0.8,16
17-11-2025 16:34,Dirty Work,Aespa,0.63,0.74,16
17-11-2025 16:37,Woman,Doja Cat,0.88,0.76,16
17-11-2025 16:42,Jhol - Acoustic,Maanu,0.52,0.26,16
17-11-2025 16:48,Promise,Jimin,0.74,0.18,16
17-11-2025 16:54,We Don't Talk Anymore,Charlie Puth,0.35,0.56,16
17-11-2025 16:58,Paper Hearts,Tori Kelly,0.24,0.23,16
17-11-2025 17:03,Can't Help Falling in Love,Elvis Presley,0.34,0.29,17
17-11-2025 17:09,Replay,SHINee,0.59,0.78,17
17-11-2025 17:13,All The Stars,Kendrick Lamar,0.55,0.63,17
17-11-2025 17:20,NO,Meghan Trainor,0.66,0.8,17
17-11-2025 17:23,Can't Help Falling in Love,Elvis Presley,0.34,0.29,17
17-11-2025 20:14,Young and Beautiful,Lana Del Rey,0.15,0.42,20
17-11-2025 20:18,Dirty Work,Aespa,0.63,0.74,20
17-11-2025 22:02,Enduko Emo,Alaap Raju,0.7,0.63,22
17-11-2025 22:09,Can't Help Falling in Love,Elvis Presley,0.34,0.29,22
17-11-2025 22:12,i wish i hated you,Ariana Grande,0.28,0.24,22
17-11-2025 22:15,Humsafar,Sachet-Parampara,0.53,0.77,22
18-11-2025 00:49,Love wins all,IU,0.32,0.45,0
18-11-2025 00:53,Moonlight,Chase Atlantic,0.14,0.58,0
18-11-2025 00:57,Swim,Chase Atlantic,0.08,0.54,0
18-11-2025 01:03,Gimme More,Britney Spears,0.38,0.84,1
18-11-2025 01:07,ONLY,LeeHi,0.15,0.3,1
18-11-2025 01:10,WILDFLOWER,Billie Eilish,0.13,0.25,1
18-11-2025 01:15,WILDFLOWER,Billie Eilish,0.13,0.25,1
18-11-2025 13:36,Swim,Chase Atlantic,0.08,0.54,13
18-11-2025 13:41,Harleys In Hawaii,Katy Perry,0.72,0.76,13
18-11-2025 19:58,i wish i hated you,Ariana Grande,0.28,0.24,19
18-11-2025 20:02,Dirty Work,Aespa,0.63,0.74,20
18-11-2025 20:07,i wish i hated you,Ariana Grande,0.28,0.24,20
18-11-2025 20:12,Friends,Chase Atlantic,0.08,0.61,20
18-11-2025 22:11,CHIHIRO,Billie Eilish,0.52,0.43,22
18-11-2025 22:15,Brooklyn Baby,Lana Del Rey,0.09,0.66,22
18-11-2025 22:22,Love wins all,IU,0.32,0.45,22
18-11-2025 22:26,Barbaad,The Rish,0.28,0.51,22
18-11-2025 22:30,Brooklyn Baby,Lana Del Rey,0.09,0.66,22
18-11-2025 22:34,Humsafar,Sachet-Parampara,0.53,0.77,22
19-11-2025 02:38,We Don't Talk Anymore,Charlie Puth,0.35,0.56,2
19-11-2025 15:33,Mantra,JENNIE,0.84,0.73,15
19-11-2025 15:38,Who,Jimin,0.84,0.76,15
19-11-2025 15:42,Fantastic Baby,BIGBANG,0.58,0.84,15
19-11-2025 15:46,pov,Ariana Grande,0.17,0.53,15
19-11-2025 18:50,NO,Meghan Trainor,0.66,0.8,18
19-11-2025 18:54,NO,Meghan Trainor,0.66,0.8,18
19-11-2025 18:59,Hurts So Good,Astrid S,0.38,0.61,18
19-11-2025 19:04,Attention,Charlie Puth,0.8,0.61,19
19-11-2025 19:08,Paradise,Chase Atlantic,0.3,0.8,19
19-11-2025 19:13,Dirty Work,Aespa,0.63,0.74,19
19-11-2025 19:17,Barbaad,The Rish,0.28,0.51,19
19-11-2025 19:21,I Like It,Cardi B,0.65,0.73,19
19-11-2025 19:28,Glimpse of Us,Joji,0.27,0.29,19
19-11-2025 19:31,august,Taylor Swift,0.4,0.62,19
19-11-2025 19:36,São Paulo,The Weekend,0.55,0.66,19
19-11-2025 19:40,supenatural,Ariana Grande,0.52,0.71,19
19-11-2025 19:46,Fade Into You,Mazzy Star,0.18,0.33,19
19-11-2025 19:52,Chemtrails Over The Country Club,Lana Del Rey,0.43,0.28,19
19-11-2025 19:55,WOKE UP,XG,0.46,0.63,19
21-11-2025 12:40,Killin' It Girl,J-Hope,0.8,0.89,12
21-11-2025 12:45,Woman,Doja Cat,0.88,0.76,12
21-11-2025 12:49,Mi Gente,J Balvin,0.31,0.69,12
21-11-2025 12:55,luther (with sza),Kendrick Lamar,0.58,0.57,12
21-11-2025 16:46,Magic Shop,BTS,0.28,0.66,16
21-11-2025 16:51,Love wins all,IU,0.32,0.45,16
21-11-2025 16:54,Who,Jimin,0.84,0.76,16
21-11-2025 16:57,luther (with sza),Kendrick Lamar,0.58,0.57,16
21-11-2025 17:04,All The Stars,Kendrick Lamar,0.55,0.63,17
21-11-2025 17:08,Woman,Doja Cat,0.88,0.76,17
21-11-2025 17:15,august,Taylor Swift,0.4,0.62,17
21-11-2025 17:19,pov,Ariana Grande,0.17,0.53,17
21-11-2025 17:24,WILDFLOWER,Billie Eilish,0.13,0.25,17
21-11-2025 17:30,supenatural,Ariana Grande,0.52,0.71,17
21-11-2025 17:37,Fantastic Baby,BIGBANG,0.58,0.84,17
21-11-2025 17:41,Apocalypse,Cigarettes After Sex,0.17,0.47,17
21-11-2025 17:47,NO,Meghan Trainor,0.66,0.8,17
21-11-2025 21:14,Barbaad,The Rish,0.28,0.51,21
22-11-2025 01:21,Love wins all,IU,0.32,0.45,1
22-11-2025 13:13,I Like It,Cardi B,0.65,0.73,13
22-11-2025 13:17,Jhol - Acoustic,Maanu,0.52,0.26,13
22-11-2025 13:22,WILDFLOWER,Billie Eilish,0.13,0.25,13
22-11-2025 13:26,Attention,Charlie Puth,0.8,0.61,13
22-11-2025 13:30,Gimme More,Britney Spears,0.38,0.84,13
22-11-2025 13:35,Fantastic Baby,BIGBANG,0.58,0.84,13
22-11-2025 13:40,Fantastic Baby,BIGBANG,0.58,0.84,13
22-11-2025 16:35,Like Jennie,Jennie,0.82,0.74,16
22-11-2025 16:42,Attention,Charlie Puth,0.8,0.61,16
22-11-2025 16:47,Moonlight,Chase Atlantic,0.14,0.58,16
22-11-2025 16:53,NO,Meghan Trainor,0.66,0.8,16
22-11-2025 17:00,Jhol - Acoustic,Maanu,0.52,0.26,17
22-11-2025 17:04,Like Jennie,Jennie,0.82,0.74,17
22-11-2025 17:08,Swim,Chase Atlantic,0.08,0.54,17
22-11-2025 17:11,São Paulo,The Weekend,0.55,0.66,17
22-11-2025 17:18,CHIHIRO,Billie Eilish,0.52,0.43,17
22-11-2025 17:25,Killin' It Girl,J-Hope,0.8,0.89,17
22-11-2025 17:31,WILDFLOWER,Billie Eilish,0.13,0.25,17
22-11-2025 17:37,NO,Meghan Trainor,0.66,0.8,17
22-11-2025 17:41,Mantra,JENNIE,0.84,0.73,17
22-11-2025 17:47,CHIHIRO,Billie Eilish,0.52,0.43,17
22-11-2025 17:52,Magic Shop,BTS,0.28,0.66,17
22-11-2025 17:55,Mantra,JENNIE,0.84,0.73,17
22-11-2025 18:01,Arson,J-Hope,0.27,0.8,18
22-11-2025 18:06,Can't Help Falling in Love,Elvis Presley,0.34,0.29,18
22-11-2025 18:11,Woman,Doja Cat,0.88,0.76,18
22-11-2025 18:15,Fade Into You,Mazzy Star,0.18,0.33,18
22-11-2025 18:20,Replay,SHINee,0.59,0.78,18
23-11-2025 02:35,Barbaad,The Rish,0.28,0.51,2
23-11-2025 02:40,Can't Help Falling in Love,Elvis Presley,0.34,0.29,2
23-11-2025 02:46,Wait On Me,KAI,0.36,0.87,2
23-11-2025 02:51,FE!N,Travis Scott,0.2,0.88,2
23-11-2025 02:56,Brooklyn Baby,Lana Del Rey,0.09,0.66,2
23-11-2025 12:11,I Like It,Cardi B,0.65,0.73,12
23-11-2025 12:17,Moonlight,Chase Atlantic,0.14,0.58,12
23-11-2025 12:22,Sunflower,"Post Malone, Swae Lee",0.91,0.48,12
23-11-2025 12:27,São Paulo,The Weekend,0.55,0.66,12
23-11-2025 12:32,Attention,Charlie Puth,0.8,0.61,12
23-11-2025 12:36,I Like It,Cardi B,0.65,0.73,12
23-11-2025 12:40,Still With You,Jung Kook,0.34,0.47,12
23-11-2025 12:45,lovely (with Khalid),Billie Eilish,0.12,0.3,12
23-11-2025 12:50,Replay,SHINee,0.59,0.78,12
23-11-2025 12:54,Humsafar,Sachet-Parampara,0.53,0.77,12
23-11-2025 12:58,Wildest Dreams,Taylor Swift,0.47,0.67,12
23-11-2025 15:14,Shy (eh o),PENOMECO,0.91,0.66,15
23-11-2025 15:19,Sunflower,"Post Malone, Swae Lee",0.91,0.48,15
23-11-2025 15:25,Dirty Work,Aespa,0.63,0.74,15
23-11-2025 15:28,Attention,NewJeans,0.7,0.65,15
23-11-2025 15:34,I Like It,Cardi B,0.65,0.73,15
23-11-2025 15:37,Enduko Emo,Alaap Raju,0.7,0.63,15
23-11-2025 15:44,Replay,SHINee,0.59,0.78,15
23-11-2025 15:50,Young and Beautiful,Lana Del Rey,0.15,0.42,15
23-11-2025 15:55,Like Jennie,Jennie,0.82,0.74,15
23-11-2025 18:49,WOKE UP,XG,0.46,0.63,18
23-11-2025 22:34,Young and Beautiful,Lana Del Rey,0.15,0.42,22
24-11-2025 01:15,Fade Into You,Mazzy Star,0.18,0.33,1
24-11-2025 01:20,Love wins all,IU,0.32,0.45,1
24-11-2025 01:25,Serendipity,BTS,0.23,0.58,1
24-11-2025 12:45,Arson,J-Hope,0.27,0.8,12
24-11-2025 12:49,Friends,Chase Atlantic,0.08,0.61,12
24-11-2025 12:54,luther (with sza),Kendrick Lamar,0.58,0.57,12
24-11-2025 12:59,Glimpse of Us,Joji,0.27,0.29,12
24-11-2025 13:03,All The Stars,Kendrick Lamar,0.55,0.63,13
24-11-2025 13:07,Love wins all,IU,0.32,0.45,13
24-11-2025 13:13,São Paulo,The Weekend,0.55,0.66,13
24-11-2025 13:18,Replay,SHINee,0.59,0.78,13
24-11-2025 16:21,Mantra,JENNIE,0.84,0.73,16
24-11-2025 17:37,Like Jennie,Jennie,0.82,0.74,17
24-11-2025 17:41,FE!N,Travis Scott,0.2,0.88,17
24-11-2025 19:50,Paradise,Chase Atlantic,0.3,0.8,19
24-11-2025 19:54,Into It,Chase Atlantic,0.29,0.57,19
24-11-2025 19:59,Harleys In Hawaii,Katy Perry,0.72,0.76,19
24-11-2025 23:12,Mantra,JENNIE,0.84,0.73,23
25-11-2025 02:48,Hurts So Good,Astrid S,0.38,0.61,2
25-11-2025 13:00,Dirty Work,Aespa,0.63,0.74,13
25-11-2025 13:04,Enduko Emo,Alaap Raju,0.7,0.63,13
25-11-2025 13:09,august,Taylor Swift,0.4,0.62,13
25-11-2025 16:34,FE!N,Travis Scott,0.2,0.88,16
25-11-2025 16:39,Attention,NewJeans,0.7,0.65,16
25-11-2025 16:43,Woman,Doja Cat,0.88,0.76,16
25-11-2025 16:48,FAKE LOVE,BTS,0.35,0.72,16
25-11-2025 16:51,Woman,Doja Cat,0.88,0.76,16
25-11-2025 16:56,Enduko Emo,Alaap Raju,0.7,0.63,16
25-11-2025 18:13,Jhol - Acoustic,Maanu,0.52,0.26,18
25-11-2025 18:19,Attention,NewJeans,0.7,0.65,18
25-11-2025 18:22,pov,Ariana Grande,0.17,0.53,18
25-11-2025 18:26,WOKE UP,XG,0.46,0.63,18
25-11-2025 18:31,Serendipity,BTS,0.23,0.58,18
26-11-2025 00:38,Friends,Chase Atlantic,0.08,0.61,0
26-11-2025 00:41,All The Stars,Kendrick Lamar,0.55,0.63,0
26-11-2025 00:46,Can't Help Falling in Love,Elvis Presley,0.34,0.29,0
26-11-2025 00:51,Gimme More,Britney Spears,0.38,0.84,0
26-11-2025 00:56,Mi Gente,J Balvin,0.31,0.69,0
26-11-2025 13:17,Jhol - Acoustic,Maanu,0.52,0.26,13
26-11-2025 14:46,Dirty Work,Aespa,0.63,0.74,14
26-11-2025 14:52,Attention,Charlie Puth,0.8,0.61,14
26-11-2025 18:24,Fade Into You,Mazzy Star,0.18,0.33,18
26-11-2025 22:07,supenatural,Ariana Grande,0.52,0.71,22
26-11-2025 22:12,Like Jennie,Jennie,0.82,0.74,22
26-11-2025 22:17,Enduko Emo,Alaap Raju,0.7,0.63,22
26-11-2025 22:24,Enduko Emo,Alaap Raju,0.7,0.63,22
26-11-2025 22:29,Into It,Chase Atlantic,0.29,0.57,22
26-11-2025 22:36,NO,Meghan Trainor,0.66,0.8,22
26-11-2025 22:40,Attention,NewJeans,0.7,0.65,22
28-11-2025 12:27,Enduko Emo,Alaap Raju,0.7,0.63,12
28-11-2025 13:53,Humsafar,Sachet-Parampara,0.53,0.77,13
28-11-2025 13:57,Still With You,Jung Kook,0.34,0.47,13
28-11-2025 14:02,Promise,Jimin,0.74,0.18,14
28-11-2025 14:05,Mantra,JENNIE,0.84,0.73,14
28-11-2025 14:11,Brooklyn Baby,Lana Del Rey,0.09,0.66,14
28-11-2025 14:15,Wildest Dreams,Taylor Swift,0.47,0.67,14
28-11-2025 16:53,Enduko Emo,Alaap Raju,0.7,0.63,16
28-11-2025 16:58,NO,Meghan Trainor,0.66,0.8,16
28-11-2025 19:54,Killin' It Girl,J-Hope,0.8,0.89,19
29-11-2025 00:35,lovely (with Khalid),Billie Eilish,0.12,0.3,0
29-11-2025 13:13,WOKE UP,XG,0.46,0.63,13
29-11-2025 13:17,pov,Ariana Grande,0.17,0.53,13
29-11-2025 13:23,Paper Hearts,Tori Kelly,0.24,0.23,13
29-11-2025 13:28,Mantra,JENNIE,0.84,0.73,13
29-11-2025 13:35,NO,Meghan Trainor,0.66,0.8,13
29-11-2025 13:40,Who,Jimin,0.84,0.76,13
29-11-2025 16:29,Attention,Charlie Puth,0.8,0.61,16
29-11-2025 16:34,Swim,Chase Atlantic,0.08,0.54,16
29-11-2025 16:41,luther (with sza),Kendrick Lamar,0.58,0.57,16
29-11-2025 19:38,Jhol - Acoustic,Maanu,0.52,0.26,19
29-11-2025 21:44,Magic Shop,BTS,0.28,0.66,21
29-11-2025 21:47,Friends,Chase Atlantic,0.08,0.61,21
29-11-2025 21:51,NO,Meghan Trainor,0.66,0.8,21
29-11-2025 21:55,Into It,Chase Atlantic,0.29,0.57,21
29-11-2025 23:15,Serendipity,BTS,0.23,0.58,23
29-11-2025 23:22,Sunflower,"Post Malone, Swae Lee",0.91,0.48,23
29-11-2025 23:26,WOKE UP,XG,0.46,0.63,23
30-11-2025 02:44,lovely (with Khalid),Billie Eilish,0.12,0.3,2
30-11-2025 02:51,NO,Meghan Trainor,0.66,0.8,2
30-11-2025 02:58,We Don't Talk Anymore,Charlie Puth,0.35,0.56,2
30-11-2025 03:02,Paradise,Chase Atlantic,0.3,0.8,3
01-12-2025 12:05,All The Stars,Kendrick Lamar,0.55,0.63,12
01-12-2025 12:09,Barbaad,The Rish,0.28,0.51,12
01-12-2025 15:06,supenatural,Ariana Grande,0.52,0.71,15
01-12-2025 17:32,Promise,Jimin,0.74,0.18,17
01-12-2025 17:39,Moonlight,Chase Atlantic,0.14,0.58,17
01-12-2025 20:53,Die With A Smile,Lady Gaga,0.54,0.59,20
01-12-2025 21:00,supenatural,Ariana Grande,0.52,0.71,21
01-12-2025 21:06,Woman,Doja Cat,0.88,0.76,21
01-12-2025 21:13,Fade Into You,Mazzy Star,0.18,0.33,21
02-12-2025 13:01,Harleys In Hawaii,Katy Perry,0.72,0.76,13
02-12-2025 13:06,All The Stars,Kendrick Lamar,0.55,0.63,13
02-12-2025 16:19,Swim,Chase Atlantic,0.08,0.54,16
02-12-2025 16:23,Mantra,JENNIE,0.84,0.73,16
02-12-2025 16:30,Dirty Work,Aespa,0.63,0.74,16
02-12-2025 16:35,Attention,Charlie Puth,0.8,0.61,16
02-12-2025 16:38,Swim,Chase Atlantic,0.08,0.54,16
02-12-2025 16:45,Humsafar,Sachet-Parampara,0.53,0.77,16
02-12-2025 16:51,Attention,Charlie Puth,0.8,0.61,16
02-12-2025 16:57,Woman,Doja Cat,0.88,0.76,16
02-12-2025 17:02,luther (with sza),Kendrick Lamar,0.58,0.57,17
02-12-2025 17:07,Killin' It Girl,J-Hope,0.8,0.89,17
02-12-2025 17:13,Like Jennie,Jennie,0.82,0.74,17
02-12-2025 19:54,Harleys In Hawaii,Katy Perry,0.72,0.76,19
02-12-2025 19:58,Fade Into You,Mazzy Star,0.18,0.33,19
02-12-2025 21:32,Promise,Jimin,0.74,0.18,21
02-12-2025 21:37,NO,Meghan Trainor,0.66,0.8,21
03-12-2025 01:36,Arson,J-Hope,0.27,0.8,1
03-12-2025 01:42,Glimpse of Us,Joji,0.27,0.29,1
03-12-2025 01:46,Brooklyn Baby,Lana Del Rey,0.09,0.66,1
03-12-2025 01:52,All The Stars,Kendrick Lamar,0.55,0.63,1
04-12-2025 12:14,Love wins all,IU,0.32,0.45,12
04-12-2025 12:20,Jhol - Acoustic,Maanu,0.52,0.26,12
04-12-2025 14:34,Promise,Jimin,0.74,0.18,14
04-12-2025 17:09,Harleys In Hawaii,Katy Perry,0.72,0.76,17
04-12-2025 17:12,Woman,Doja Cat,0.88,0.76,17
04-12-2025 17:17,Replay,SHINee,0.59,0.78,17
04-12-2025 17:22,NO,Meghan Trainor,0.66,0.8,17
04-12-2025 17:26,I Like It,Cardi B,0.65,0.73,17
04-12-2025 22:57,Love wins all,IU,0.32,0.45,22
04-12-2025 23:03,lovely (with Khalid),Billie Eilish,0.12,0.3,23
05-12-2025 01:59,Love wins all,IU,0.32,0.45,1
05-12-2025 02:04,Into It,Chase Atlantic,0.29,0.57,2
05-12-2025 02:07,Serendipity,BTS,0.23,0.58,2
05-12-2025 02:13,i wish i hated you,Ariana Grande,0.28,0.24,2
05-12-2025 13:26,All The Stars,Kendrick Lamar,0.55,0.63,13
05-12-2025 13:32,Humsafar,Sachet-Parampara,0.53,0.77,13
05-12-2025 13:39,Sunflower,"Post Malone, Swae Lee",0.91,0.48,13
05-12-2025 13:42,luther (with sza),Kendrick Lamar,0.58,0.57,13
05-12-2025 13:46,Serendipity,BTS,0.23,0.58,13
05-12-2025 16:24,Fantastic Baby,BIGBANG,0.58,0.84,16
05-12-2025 16:31,Serendipity,BTS,0.23,0.58,16
05-12-2025 16:34,Still With You,Jung Kook,0.34,0.47,16
05-12-2025 20:36,Arson,J-Hope,0.27,0.8,20
05-12-2025 20:41,luther (with sza),Kendrick Lamar,0.58,0.57,20
05-12-2025 20:45,Hurts So Good,Astrid S,0.38,0.61,20
05-12-2025 20:50,lovely (with Khalid),Billie Eilish,0.12,0.3,20
05-12-2025 20:56,Wildest Dreams,Taylor Swift,0.47,0.67,20
05-12-2025 21:01,i wish i hated you,Ariana Grande,0.28,0.24,21
05-12-2025 21:07,Woman,Doja Cat,0.88,0.76,21
05-12-2025 21:12,Fantastic Baby,BIGBANG,0.58,0.84,21
05-12-2025 21:17,I Wanna Be Yours,Arctic Monkeys,0.48,0.42,21
05-12-2025 21:22,CHIHIRO,Billie Eilish,0.52,0.43,21
05-12-2025 21:27,Humsafar,Sachet-Parampara,0.53,0.77,21
05-12-2025 21:32,ONLY,LeeHi,0.15,0.3,21
05-12-2025 21:36,WOKE UP,XG,0.46,0.63,21
05-12-2025 21:40,Paradise,Chase Atlantic,0.3,0.8,21
05-12-2025 23:58,Young and Beautiful,Lana Del Rey,0.15,0.42,23
06-12-2025 13:52,luther (with sza),Kendrick Lamar,0.58,0.57,13
06-12-2025 13:56,CHIHIRO,Billie Eilish,0.52,0.43,13
06-12-2025 17:51,São Paulo,The Weekend,0.55,0.66,17
06-12-2025 21:57,FE!N,Travis Scott,0.2,0.88,21
07-12-2025 01:10,Dirty Work,Aespa,0.63,0.74,1
08-12-2025 13:00,Woman,Doja Cat,0.88,0.76,13
08-12-2025 15:33,Woman,Doja Cat,0.88,0.76,15
08-12-2025 18:15,Barbaad,The Rish,0.28,0.51,18
08-12-2025 18:20,Young and Beautiful,Lana Del Rey,0.15,0.42,18
08-12-2025 18:23,Attention,Charlie Puth,0.8,0.61,18
08-12-2025 18:28,Apocalypse,Cigarettes After Sex,0.17,0.47,18
08-12-2025 18:33,Attention,Charlie Puth,0.8,0.61,18
08-12-2025 18:38,Glimpse of Us,Joji,0.27,0.29,18
08-12-2025 18:42,Replay,SHINee,0.59,0.78,18
08-12-2025 21:55,Shy (eh o),PENOMECO,0.91,0.66,21
09-12-2025 00:22,Can't Help Falling in Love,Elvis Presley,0.34,0.29,0
09-12-2025 00:28,Mi Gente,J Balvin,0.31,0.69,0
09-12-2025 00:33,We Don't Talk Anymore,Charlie Puth,0.35,0.56,0
09-12-2025 00:38,Swim,Chase Atlantic,0.08,0.54,0
09-12-2025 00:43,I Like It,Cardi B,0.65,0.73,0
09-12-2025 00:46,We Don't Talk Anymore,Charlie Puth,0.35,0.56,0
09-12-2025 00:52,i wish i hated you,Ariana Grande,0.28,0.24,0
10-12-2025 12:31,Harleys In Hawaii,Katy Perry,0.72,0.76,12
10-12-2025 12:34,Paradise,Chase Atlantic,0.3,0.8,12
10-12-2025 12:37,Woman,Doja Cat,0.88,0.76,12
10-12-2025 12:43,Attention,NewJeans,0.7,0.65,12
10-12-2025 16:00,Shy (eh o),PENOMECO,0.91,0.66,16
10-12-2025 20:49,Glimpse of Us,Joji,0.27,0.29,20
10-12-2025 20:56,Serendipity,BTS,0.23,0.58,20
10-12-2025 21:02,pov,Ariana Grande,0.17,0.53,21
10-12-2025 23:39,Magic Shop,BTS,0.28,0.66,23
10-12-2025 23:44,Woman,Doja Cat,0.88,0.76,23
10-12-2025 23:49,Glimpse of Us,Joji,0.27,0.29,23
10-12-2025 23:55,FAKE LOVE,BTS,0.35,0.72,23
11-12-2025 00:00,Fade Into You,Mazzy Star,0.18,0.33,0
11-12-2025 02:43,Arson,J-Hope,0.27,0.8,2
11-12-2025 02:48,Mi Gente,J Balvin,0.31,0.69,2
11-12-2025 02:53,Fade Into You,Mazzy Star,0.18,0.33,2
11-12-2025 02:58,Style,Taylor Swift,0.46,0.79,2
11-12-2025 03:02,Apocalypse,Cigarettes After Sex,0.17,0.47,3
11-12-2025 12:25,Who,Jimin,0.84,0.76,12
11-12-2025 21:44,Attention,NewJeans,0.7,0.65,21
11-12-2025 21:51,WOKE UP,XG,0.46,0.63,21
11-12-2025 21:57,Wait On Me,KAI,0.36,0.87,21
11-12-2025 22:04,Mi Gente,J Balvin,0.31,0.69,22
12-12-2025 01:41,pov,Ariana Grande,0.17,0.53,1
12-12-2025 01:45,FAKE LOVE,BTS,0.35,0.72,1
12-12-2025 01:51,Friends,Chase Atlantic,0.08,0.61,1
12-12-2025 01:55,Killin' It Girl,J-Hope,0.8,0.89,1
12-12-2025 01:59,Swim,Chase Atlantic,0.08,0.54,1
12-12-2025 02:04,Paper Hearts,Tori Kelly,0.24,0.23,2
12-12-2025 02:11,Into It,Chase Atlantic,0.29,0.57,2
12-12-2025 13:10,Enduko Emo,Alaap Raju,0.7,0.63,13
12-12-2025 13:15,Promise,Jimin,0.74,0.18,13
12-12-2025 13:19,Promise,Jimin,0.74,0.18,13
12-12-2025 16:40,Hurts So Good,Astrid S,0.38,0.61,16
12-12-2025 19:56,Shy (eh o),PENOMECO,0.91,0.66,19
12-12-2025 20:01,luther (with sza),Kendrick Lamar,0.58,0.57,20
13-12-2025 01:57,lovely (with Khalid),Billie Eilish,0.12,0.3,1
13-12-2025 02:02,Gimme More,Britney Spears,0.38,0.84,2
13-12-2025 02:07,august,Taylor Swift,0.4,0.62,2
13-12-2025 12:47,Young and Beautiful,Lana Del Rey,0.15,0.42,12
13-12-2025 15:46,Jhol - Acoustic,Maanu,0.52,0.26,15
13-12-2025 20:53,Glimpse of Us,Joji,0.27,0.29,20
13-12-2025 21:00,NO,Meghan Trainor,0.66,0.8,21
13-12-2025 21:06,FE!N,Travis Scott,0.2,0.88,21
13-12-2025 21:10,Mi Gente,J Balvin,0.31,0.69,21
13-12-2025 22:40,São Paulo,The Weekend,0.55,0.66,22
13-12-2025 22:45,Humsafar,Sachet-Parampara,0.53,0.77,22
14-12-2025 02:55,FAKE LOVE,BTS,0.35,0.72,2
15-12-2025 12:34,Paper Hearts,Tori Kelly,0.24,0.23,12
15-12-2025 12:40,Into It,Chase Atlantic,0.29,0.57,12
15-12-2025 12:45,São Paulo,The Weekend,0.55,0.66,12
15-12-2025 12:49,Serendipity,BTS,0.23,0.58,12
15-12-2025 12:54,Attention,Charlie Puth,0.8,0.61,12
15-12-2025 15:32,Still With You,Jung Kook,0.34,0.47,15
15-12-2025 19:11,ONLY,LeeHi,0.15,0.3,19
15-12-2025 19:16,luther (with sza),Kendrick Lamar,0.58,0.57,19
15-12-2025 23:10,CHIHIRO,Billie Eilish,0.52,0.43,23
15-12-2025 23:14,Shy (eh o),PENOMECO,0.91,0.66,23
15-12-2025 23:21,Glimpse of Us,Joji,0.27,0.29,23
15-12-2025 23:28,Paper Hearts,Tori Kelly,0.24,0.23,23
15-12-2025 23:31,Shy (eh o),PENOMECO,0.91,0.66,23
15-12-2025 23:36,Attention,Charlie Puth,0.8,0.61,23
15-12-2025 23:41,Attention,NewJeans,0.7,0.65,23
15-12-2025 23:47,Dirty Work,Aespa,0.63,0.74,23
16-12-2025 13:15,i wish i hated you,Ariana Grande,0.28,0.24,13
16-12-2025 17:15,CHIHIRO,Billie Eilish,0.52,0.43,17
16-12-2025 17:21,Like Jennie,Jennie,0.82,0.74,17
16-12-2025 19:24,Barbaad,The Rish,0.28,0.51,19
16-12-2025 19:29,lovely (with Khalid),Billie Eilish,0.12,0.3,19
16-12-2025 23:06,Paradise,Chase Atlantic,0.3,0.8,23
16-12-2025 23:11,Brooklyn Baby,Lana Del Rey,0.09,0.66,23
16-12-2025 23:15,Like Jennie,Jennie,0.82,0.74,23
16-12-2025 23:20,Into It,Chase Atlantic,0.29,0.57,23
17-12-2025 01:36,Into It,Chase Atlantic,0.29,0.57,1
17-12-2025 01:41,Friends,Chase Atlantic,0.08,0.61,1
17-12-2025 12:52,Die With A Smile,Lady Gaga,0.54,0.59,12
17-12-2025 12:59,Woman,Doja Cat,0.88,0.76,12
17-12-2025 13:02,supenatural,Ariana Grande,0.52,0.71,13
17-12-2025 13:06,WOKE UP,XG,0.46,0.63,13
17-12-2025 13:10,Serendipity,BTS,0.23,0.58,13
17-12-2025 13:14,Promise,Jimin,0.74,0.18,13
17-12-2025 13:18,I Wanna Be Yours,Arctic Monkeys,0.48,0.42,13
17-12-2025 13:23,WILDFLOWER,Billie Eilish,0.13,0.25,13
17-12-2025 16:45,All The Stars,Kendrick Lamar,0.55,0.63,16
17-12-2025 16:49,Attention,Charlie Puth,0.8,0.61,16
17-12-2025 18:55,WOKE UP,XG,0.46,0.63,18
17-12-2025 19:02,Hurts So Good,Astrid S,0.38,0.61,19
17-12-2025 19:08,Swim,Chase Atlantic,0.08,0.54,19
17-12-2025 19:12,Barbaad,The Rish,0.28,0.51,19
17-12-2025 19:17,supenatural,Ariana Grande,0.52,0.71,19
17-12-2025 19:20,Brooklyn Baby,Lana Del Rey,0.09,0.66,19
17-12-2025 19:24,Moonlight,Chase Atlantic,0.14,0.58,19
17-12-2025 19:29,Brooklyn Baby,Lana Del Rey,0.09,0.66,19
17-12-2025 19:33,Replay,SHINee,0.59,0.78,19
17-12-2025 19:36,Hurts So Good,Astrid S,0.38,0.61,19
18-12-2025 01:34,Moonlight,Chase Atlantic,0.14,0.58,1
18-12-2025 01:40,pov,Ariana Grande,0.17,0.53,1
18-12-2025 01:47,Dirty Work,Aespa,0.63,0.74,1
18-12-2025 01:53,Paradise,Chase Atlantic,0.3,0.8,1
18-12-2025 01:57,Gimme More,Britney Spears,0.38,0.84,1
18-12-2025 02:01,FAKE LOVE,BTS,0.35,0.72,2
18-12-2025 13:52,Enduko Emo,Alaap Raju,0.7,0.63,13
18-12-2025 16:47,lovely (with Khalid),Billie Eilish,0.12,0.3,16
18-12-2025 16:53,Fantastic Baby,BIGBANG,0.58,0.84,16
18-12-2025 16:58,São Paulo,The Weekend,0.55,0.66,16
18-12-2025 17:03,lovely (with Khalid),Billie Eilish,0.12,0.3,17
18-12-2025 18:38,Who,Jimin,0.84,0.76,18
18-12-2025 18:43,Like Jennie,Jennie,0.82,0.74,18
18-12-2025 18:50,Sunflower,"Post Malone, Swae Lee",0.91,0.48,18
18-12-2025 18:55,Woman,Doja Cat,0.88,0.76,18
18-12-2025 18:58,pov,Ariana Grande,0.17,0.53,18
18-12-2025 19:03,Paradise,Chase Atlantic,0.3,0.8,19
18-12-2025 23:32,Like Jennie,Jennie,0.82,0.74,23
18-12-2025 23:38,Paradise,Chase Atlantic,0.3,0.8,23
18-12-2025 23:44,Love wins all,IU,0.32,0.45,23
19-12-2025 02:16,Still With You,Jung Kook,0.34,0.47,2
19-12-2025 02:22,Dirty Work,Aespa,0.63,0.74,2
19-12-2025 02:26,FAKE LOVE,BTS,0.35,0.72,2
19-12-2025 02:30,Arson,J-Hope,0.27,0.8,2
19-12-2025 02:37,Barbaad,The Rish,0.28,0.51,2
20-12-2025 19:09,Attention,Charlie Puth,0.8,0.61,19
20-12-2025 19:12,Die With A Smile,Lady Gaga,0.54,0.59,19
20-12-2025 19:17,Dirty Work,Aespa,0.63,0.74,19
20-12-2025 19:21,ONLY,LeeHi,0.15,0.3,19
20-12-2025 19:26,Paper Hearts,Tori Kelly,0.24,0.23,19
20-12-2025 23:46,Sunflower,"Post Malone, Swae Lee",0.91,0.48,23
20-12-2025 23:52,Harleys In Hawaii,Katy Perry,0.72,0.76,23
22-12-2025 12:10,Love wins all,IU,0.32,0.45,12
22-12-2025 12:14,All The Stars,Kendrick Lamar,0.55,0.63,12
22-12-2025 12:17,Sunflower,"Post Malone, Swae Lee",0.91,0.48,12
22-12-2025 12:24,Like Jennie,Jennie,0.82,0.74,12
22-12-2025 14:29,Die With A Smile,Lady Gaga,0.54,0.59,14
22-12-2025 14:35,Apocalypse,Cigarettes After Sex,0.17,0.47,14
22-12-2025 14:41,Arson,J-Hope,0.27,0.8,14
22-12-2025 14:46,Dirty Work,Aespa,0.63,0.74,14
22-12-2025 18:27,pov,Ariana Grande,0.17,0.53,18
22-12-2025 18:33,Sunflower,"Post Malone, Swae Lee",0.91,0.48,18
22-12-2025 18:40,Jhol - Acoustic,Maanu,0.52,0.26,18
22-12-2025 18:46,luther (with sza),Kendrick Lamar,0.58,0.57,18
22-12-2025 18:51,Moonlight,Chase Atlantic,0.14,0.58,18
22-12-2025 18:56,Dirty Work,Aespa,0.63,0.74,18
22-12-2025 19:02,Attention,NewJeans,0.7,0.65,19
22-12-2025 19:07,FE!N,Travis Scott,0.2,0.88,19
22-12-2025 19:13,Promise,Jimin,0.74,0.18,19
22-12-2025 22:59,Fade Into You,Mazzy Star,0.18,0.33,22
22-12-2025 23:05,FE!N,Travis Scott,0.2,0.88,23
22-12-2025 23:10,All The Stars,Kendrick Lamar,0.55,0.63,23
22-12-2025 23:16,Style,Taylor Swift,0.46,0.79,23
22-12-2025 23:21,Serendipity,BTS,0.23,0.58,23
22-12-2025 23:27,i wish i hated you,Ariana Grande,0.28,0.24,23
22-12-2025 23:30,Into It,Chase Atlantic,0.29,0.57,23
22-12-2025 23:33,DAISIES,Justin Bieber,0.48,0.38,23
23-12-2025 15:23,CHIHIRO,Billie Eilish,0.52,0.43,15
23-12-2025 18:17,lovely (with Khalid),Billie Eilish,0.12,0.3,18
23-12-2025 19:37,Wait On Me,KAI,0.36,0.87,19
23-12-2025 19:44,Glimpse of Us,Joji,0.27,0.29,19
23-12-2025 19:49,Hurts So Good,Astrid S,0.38,0.61,19
24-12-2025 13:51,Like Jennie,Jennie,0.82,0.74,13
24-12-2025 13:55,Into It,Chase Atlantic,0.29,0.57,13
24-12-2025 13:59,Replay,SHINee,0.59,0.78,13
24-12-2025 14:04,Humsafar,Sachet-Parampara,0.53,0.77,14
24-12-2025 14:11,ONLY,LeeHi,0.15,0.3,14
24-12-2025 14:17,Chemtrails Over The Country Club,Lana Del Rey,0.43,0.28,14
24-12-2025 14:23,Sunflower,"Post Malone, Swae Lee",0.91,0.48,14
24-12-2025 17:03,Paper Hearts,Tori Kelly,0.24,0.23,17
24-12-2025 17:08,i wish i hated you,Ariana Grande,0.28,0.24,17
24-12-2025 17:15,luther (with sza),Kendrick Lamar,0.58,0.57,17
24-12-2025 20:22,Sunflower,"Post Malone, Swae Lee",0.91,0.48,20
24-12-2025 20:27,supenatural,Ariana Grande,0.52,0.71,20
24-12-2025 23:41,Can't Help Falling in Love,Elvis Presley,0.34,0.29,23
24-12-2025 23:47,Paper Hearts,Tori Kelly,0.24,0.23,23
24-12-2025 23:50,CHIHIRO,Billie Eilish,0.52,0.43,23
24-12-2025 23:54,Swim,Chase Atlantic,0.08,0.54,23
24-12-2025 23:59,Paradise,Chase Atlantic,0.3,0.8,23
25-12-2025 00:02,WILDFLOWER,Billie Eilish,0.13,0.25,0
25-12-2025 00:06,Hurts So Good,Astrid S,0.38,0.61,0
25-12-2025 00:11,i wish i hated you,Ariana Grande,0.28,0.24,0
25-12-2025 00:16,Can't Help Falling in Love,Elvis Presley,0.34,0.29,0
25-12-2025 00:20,Sunflower,"Post Malone, Swae Lee",0.91,0.48,0
25-12-2025 00:26,Friends,Chase Atlantic,0.08,0.61,0
25-12-2025 02:53,Arson,J-Hope,0.27,0.8,2
25-12-2025 02:57,Arson,J-Hope,0.27,0.8,2
25-12-2025 03:02,FAKE LOVE,BTS,0.35,0.72,3
26-12-2025 12:08,Attention,NewJeans,0.7,0.65,12
26-12-2025 13:54,Brooklyn Baby,Lana Del Rey,0.09,0.66,13
26-12-2025 13:58,NO,Meghan Trainor,0.66,0.8,13
26-12-2025 16:15,Woman,Doja Cat,0.88,0.76,16
26-12-2025 16:19,pov,Ariana Grande,0.17,0.53,16
26-12-2025 20:20,DAISIES,Justin Bieber,0.48,0.38,20
26-12-2025 20:26,lovely (with Khalid),Billie Eilish,0.12,0.3,20
26-12-2025 22:13,Dirty Work,Aespa,0.63,0.74,22
27-12-2025 02:35,ONLY,LeeHi,0.15,0.3,2
28-12-2025 15:31,Like Jennie,Jennie,0.82,0.74,15
28-12-2025 17:17,Swim,Chase Atlantic,0.08,0.54,17
28-12-2025 17:20,Young and Beautiful,Lana Del Rey,0.15,0.42,17
28-12-2025 17:24,i wish i hated you,Ariana Grande,0.28,0.24,17
28-12-2025 17:27,Promise,Jimin,0.74,0.18,17
28-12-2025 19:42,Wildest Dreams,Taylor Swift,0.47,0.67,19
28-12-2025 19:48,Brooklyn Baby,Lana Del Rey,0.09,0.66,19
28-12-2025 21:07,CHIHIRO,Billie Eilish,0.52,0.43,21
28-12-2025 21:12,Hurts So Good,Astrid S,0.38,0.61,21
28-12-2025 22:50,Sunflower,"Post Malone, Swae Lee",0.91,0.48,22
28-12-2025 22:57,Style,Taylor Swift,0.46,0.79,22
29-12-2025 00:30,FE!N,Travis Scott,0.2,0.88,0
29-12-2025 00:35,pov,Ariana Grande,0.17,0.53,0
29-12-2025 00:39,Hurts So Good,Astrid S,0.38,0.61,0
29-12-2025 00:43,NO,Meghan Trainor,0.66,0.8,0
29-12-2025 00:47,Arson,J-Hope,0.27,0.8,0
29-12-2025 00:53,Friends,Chase Atlantic,0.08,0.61,0
29-12-2025 00:58,Gimme More,Britney Spears,0.38,0.84,0
29-12-2025 01:02,Fade Into You,Mazzy Star,0.18,0.33,1
29-12-2025 01:06,Moonlight,Chase Atlantic,0.14,0.58,1
29-12-2025 01:12,Wait On Me,KAI,0.36,0.87,1
29-12-2025 01:15,Love wins all,IU,0.32,0.45,1
29-12-2025 01:19,We Don't Talk Anymore,Charlie Puth,0.35,0.56,1
29-12-2025 01:24,I Wanna Be Yours,Arctic Monkeys,0.48,0.42,1
29-12-2025 01:29,Swim,Chase Atlantic,0.08,0.54,1
29-12-2025 01:33,Love wins all,IU,0.32,0.45,1
29-12-2025 01:37,ONLY,LeeHi,0.15,0.3,1
29-12-2025 01:42,Can't Help Falling in Love,Elvis Presley,0.34,0.29,1
29-12-2025 13:19,São Paulo,The Weekend,0.55,0.66,13
29-12-2025 13:23,Mantra,JENNIE,0.84,0.73,13
29-12-2025 13:28,Die With A Smile,Lady Gaga,0.54,0.59,13
29-12-2025 15:57,Arson,J-Hope,0.27,0.8,15
29-12-2025 17:52,Killin' It Girl,J-Hope,0.8,0.89,17
29-12-2025 17:57,Fantastic Baby,BIGBANG,0.58,0.84,17
29-12-2025 18:03,Enduko Emo,Alaap Raju,0.7,0.63,18
29-12-2025 20:07,Wildest Dreams,Taylor Swift,0.47,0.67,20
29-12-2025 20:11,DAISIES,Justin Bieber,0.48,0.38,20
29-12-2025 20:14,Young and Beautiful,Lana Del Rey,0.15,0.42,20
29-12-2025 20:18,Can't Help Falling in Love,Elvis Presley,0.34,0.29,20
29-12-2025 20:23,Barbaad,The Rish,0.28,0.51,20
30-12-2025 12:38,Die With A Smile,Lady Gaga,0.54,0.59,12
30-12-2025 15:02,Serendipity,BTS,0.23,0.58,15
30-12-2025 15:07,Humsafar,Sachet-Parampara,0.53,0.77,15
30-12-2025 15:12,Jhol - Acoustic,Maanu,0.52,0.26,15
30-12-2025 17:28,Love wins all,IU,0.32,0.45,17
30-12-2025 17:33,I Like It,Cardi B,0.65,0.73,17
30-12-2025 20:02,august,Taylor Swift,0.4,0.62,20
30-12-2025 20:06,lovely (with Khalid),Billie Eilish,0.12,0.3,20
30-12-2025 20:10,Sunflower,"Post Malone, Swae Lee",0.91,0.48,20
30-12-2025 20:15,Humsafar,Sachet-Parampara,0.53,0.77,20
31-12-2025 00:18,Wait On Me,KAI,0.36,0.87,0
31-12-2025 00:21,We Don't Talk Anymore,Charlie Puth,0.35,0.56,0
31-12-2025 00:27,FAKE LOVE,BTS,0.35,0.72,0
31-12-2025 00:31,Swim,Chase Atlantic,0.08,0.54,0
31-12-2025 15:09,Mantra,JENNIE,0.84,0.73,15
31-12-2025 15:13,Humsafar,Sachet-Parampara,0.53,0.77,15
31-12-2025 15:19,Style,Taylor Swift,0.46,0.79,15
31-12-2025 15:25,Replay,SHINee,0.59,0.78,15
31-12-2025 15:30,FAKE LOVE,BTS,0.35,0.72,15
31-12-2025 15:34,Gimme More,Britney Spears,0.38,0.84,15
31-12-2025 18:23,Style,Taylor Swift,0.46,0.79,18
31-12-2025 20:13,Promise,Jimin,0.74,0.18,20
31-12-2025 20:20,Hurts So Good,Astrid S,0.38,0.61,20
31-12-2025 20:26,Young and Beautiful,Lana Del Rey,0.15,0.42,20
31-12-2025 20:30,Still With You,Jung Kook,0.34,0.47,20
31-12-2025 20:33,Enduko Emo,Alaap Raju,0.7,0.63,20
31-12-2025 20:38,Attention,NewJeans,0.7,0.65,20
31-12-2025 20:44,Killin' It Girl,J-Hope,0.8,0.89,20
31-12-2025 20:51,Attention,Charlie Puth,0.8,0.61,20
31-12-2025 20:55,Barbaad,The Rish,0.28,0.51,20
31-12-2025 21:02,WOKE UP,XG,0.46,0.63,21
31-12-2025 21:09,Young and Beautiful,Lana Del Rey,0.15,0.42,21
31-12-2025 21:14,lovely (with Khalid),Billie Eilish,0.12,0.3,21
31-12-2025 21:19,We Don't Talk Anymore,Charlie Puth,0.35,0.56,21
31-12-2025 21:23,Swim,Chase Atlantic,0.08,0.54,21
31-12-2025 21:30,Woman,Doja Cat,0.88,0.76,21
31-12-2025 21:35,All The Stars,Kendrick Lamar,0.55,0.63,21
31-12-2025 21:42,DAISIES,Justin Bieber,0.48,0.38,21
01-01-2026 12:34,i wish i hated you,Ariana Grande,0.28,0.24,12
01-01-2026 15:03,Jhol - Acoustic,Maanu,0.52,0.26,15
01-01-2026 21:50,Swim,Chase Atlantic,0.08,0.54,21
01-01-2026 21:53,Humsafar,Sachet-Parampara,0.53,0.77,21
01-01-2026 21:59,Into It,Chase Atlantic,0.29,0.57,21
01-01-2026 22:04,lovely (with Khalid),Billie Eilish,0.12,0.3,22
02-01-2026 13:45,All The Stars,Kendrick Lamar,0.55,0.63,13
02-01-2026 16:30,luther (with sza),Kendrick Lamar,0.58,0.57,16
02-01-2026 16:35,NO,Meghan Trainor,0.66,0.8,16
02-01-2026 16:41,Jhol - Acoustic,Maanu,0.52,0.26,16
02-01-2026 16:47,Like Jennie,Jennie,0.82,0.74,16
02-01-2026 16:52,Swim,Chase Atlantic,0.08,0.54,16
02-01-2026 16:55,Like Jennie,Jennie,0.82,0.74,16
02-01-2026 16:58,Barbaad,The Rish,0.28,0.51,16
02-01-2026 20:25,Gimme More,Britney Spears,0.38,0.84,20
02-01-2026 20:30,WOKE UP,XG,0.46,0.63,20
02-01-2026 20:37,NO,Meghan Trainor,0.66,0.8,20
03-01-2026 00:17,Love wins all,IU,0.32,0.45,0
03-01-2026 00:24,Hurts So Good,Astrid S,0.38,0.61,0
03-01-2026 00:28,Still With You,Jung Kook,0.34,0.47,0
03-01-2026 00:31,Mi Gente,J Balvin,0.31,0.69,0
03-01-2026 00:36,pov,Ariana Grande,0.17,0.53,0
03-01-2026 00:40,Serendipity,BTS,0.23,0.58,0
03-01-2026 01:59,ONLY,LeeHi,0.15,0.3,1
03-01-2026 02:05,Still With You,Jung Kook,0.34,0.47,2
03-01-2026 02:11,Friends,Chase Atlantic,0.08,0.61,2
03-01-2026 02:16,Glimpse of Us,Joji,0.27,0.29,2
03-01-2026 02:19,Die With A Smile,Lady Gaga,0.54,0.59,2
04-01-2026 12:25,pov,Ariana Grande,0.17,0.53,12
04-01-2026 12:31,Who,Jimin,0.84,0.76,12
04-01-2026 12:36,Apocalypse,Cigarettes After Sex,0.17,0.47,12
04-01-2026 12:39,supenatural,Ariana Grande,0.52,0.71,12
04-01-2026 12:45,Enduko Emo,Alaap Raju,0.7,0.63,12
04-01-2026 12:50,Mantra,JENNIE,0.84,0.73,12
04-01-2026 12:53,All The Stars,Kendrick Lamar,0.55,0.63,12
04-01-2026 15:17,Glimpse of Us,Joji,0.27,0.29,15
04-01-2026 15:20,We Don't Talk Anymore,Charlie Puth,0.35,0.56,15
04-01-2026 15:25,Attention,NewJeans,0.7,0.65,15
04-01-2026 15:28,FAKE LOVE,BTS,0.35,0.72,15
04-01-2026 15:33,pov,Ariana Grande,0.17,0.53,15
04-01-2026 15:39,Replay,SHINee,0.59,0.78,15
04-01-2026 19:48,pov,Ariana Grande,0.17,0.53,19
04-01-2026 19:55,Moonlight,Chase Atlantic,0.14,0.58,19
04-01-2026 19:58,Still With You,Jung Kook,0.34,0.47,19
04-01-2026 20:03,Like Jennie,Jennie,0.82,0.74,20
04-01-2026 20:09,Dirty Work,Aespa,0.63,0.74,20
04-01-2026 20:14,Young and Beautiful,Lana Del Rey,0.15,0.42,20
04-01-2026 20:19,supenatural,Ariana Grande,0.52,0.71,20
04-01-2026 20:24,Who,Jimin,0.84,0.76,20
04-01-2026 20:27,Young and Beautiful,Lana Del Rey,0.15,0.42,20
04-01-2026 20:30,ONLY,LeeHi,0.15,0.3,20
04-01-2026 20:35,Enduko Emo,Alaap Raju,0.7,0.63,20
04-01-2026 20:41,Apocalypse,Cigarettes After Sex,0.17,0.47,20
04-01-2026 20:44,Dirty Work,Aespa,0.63,0.74,20
04-01-2026 20:49,Attention,NewJeans,0.7,0.65,20
04-01-2026 20:56,Attention,Charlie Puth,0.8,0.61,20
04-01-2026 22:18,Die With A Smile,Lady Gaga,0.54,0.59,22
04-01-2026 22:22,FE!N,Travis Scott,0.2,0.88,22
04-01-2026 22:28,Friends,Chase Atlantic,0.08,0.61,22
05-01-2026 00:49,Young and Beautiful,Lana Del Rey,0.15,0.42,0
06-01-2026 15:03,São Paulo,The Weekend,0.55,0.66,15
06-01-2026 15:07,lovely (with Khalid),Billie Eilish,0.12,0.3,15
06-01-2026 15:12,Woman,Doja Cat,0.88,0.76,15
06-01-2026 15:18,Apocalypse,Cigarettes After Sex,0.17,0.47,15
06-01-2026 17:14,Shy (eh o),PENOMECO,0.91,0.66,17
06-01-2026 17:18,Killin' It Girl,J-Hope,0.8,0.89,17
06-01-2026 17:23,Jhol - Acoustic,Maanu,0.52,0.26,17
06-01-2026 17:30,Shy (eh o),PENOMECO,0.91,0.66,17
06-01-2026 17:35,FAKE LOVE,BTS,0.35,0.72,17
06-01-2026 17:41,Killin' It Girl,J-Hope,0.8,0.89,17
06-01-2026 21:02,luther (with sza),Kendrick Lamar,0.58,0.57,21
06-01-2026 23:32,Fade Into You,Mazzy Star,0.18,0.33,23
07-01-2026 15:46,Arson,J-Hope,0.27,0.8,15
07-01-2026 15:50,Sunflower,"Post Malone, Swae Lee",0.91,0.48,15
07-01-2026 15:55,Humsafar,Sachet-Parampara,0.53,0.77,15
07-01-2026 15:59,Like Jennie,Jennie,0.82,0.74,15
07-01-2026 16:05,Paper Hearts,Tori Kelly,0.24,0.23,16
07-01-2026 16:09,Die With A Smile,Lady Gaga,0.54,0.59,16
07-01-2026 16:14,São Paulo,The Weekend,0.55,0.66,16
07-01-2026 16:18,CHIHIRO,Billie Eilish,0.52,0.43,16
07-01-2026 16:24,Attention,NewJeans,0.7,0.65,16
07-01-2026 16:27,Mantra,JENNIE,0.84,0.73,16
07-01-2026 16:32,Shy (eh o),PENOMECO,0.91,0.66,16
07-01-2026 16:35,Die With A Smile,Lady Gaga,0.54,0.59,16
07-01-2026 17:52,Wait On Me,KAI,0.36,0.87,17
07-01-2026 21:05,Enduko Emo,Alaap Raju,0.7,0.63,21
07-01-2026 21:09,Who,Jimin,0.84,0.76,21
07-01-2026 21:14,Fade Into You,Mazzy Star,0.18,0.33,21
07-01-2026 21:17,Into It,Chase Atlantic,0.29,0.57,21
07-01-2026 21:24,Replay,SHINee,0.59,0.78,21
07-01-2026 22:55,Barbaad,The Rish,0.28,0.51,22
07-01-2026 23:00,Sunflower,"Post Malone, Swae Lee",0.91,0.48,23
07-01-2026 23:06,Attention,NewJeans,0.7,0.65,23
07-01-2026 23:12,Dirty Work,Aespa,0.63,0.74,23
07-01-2026 23:16,Fade Into You,Mazzy Star,0.18,0.33,23
07-01-2026 23:23,CHIHIRO,Billie Eilish,0.52,0.43,23
07-01-2026 23:28,Mi Gente,J Balvin,0.31,0.69,23
07-01-2026 23:31,Love wins all,IU,0.32,0.45,23
07-01-2026 23:37,Gimme More,Britney Spears,0.38,0.84,23
07-01-2026 23:41,i wish i hated you,Ariana Grande,0.28,0.24,23
07-01-2026 23:44,Style,Taylor Swift,0.46,0.79,23
07-01-2026 23:49,Arson,J-Hope,0.27,0.8,23
07-01-2026 23:56,Magic Shop,BTS,0.28,0.66,23
08-01-2026 00:02,Into It,Chase Atlantic,0.29,0.57,0
08-01-2026 00:09,Love wins all,IU,0.32,0.45,0
08-01-2026 00:14,ONLY,LeeHi,0.15,0.3,0
08-01-2026 00:17,FAKE LOVE,BTS,0.35,0.72,0
08-01-2026 00:21,Can't Help Falling in Love,Elvis Presley,0.34,0.29,0
08-01-2026 00:27,We Don't Talk Anymore,Charlie Puth,0.35,0.56,0
08-01-2026 15:02,Chemtrails Over The Country Club,Lana Del Rey,0.43,0.28,15
08-01-2026 15:08,lovely (with Khalid),Billie Eilish,0.12,0.3,15
08-01-2026 17:23,WILDFLOWER,Billie Eilish,0.13,0.25,17
08-01-2026 17:30,Can't Help Falling in Love,Elvis Presley,0.34,0.29,17
08-01-2026 20:09,Harleys In Hawaii,Katy Perry,0.72,0.76,20
08-01-2026 20:12,NO,Meghan Trainor,0.66,0.8,20
08-01-2026 22:50,Sunflower,"Post Malone, Swae Lee",0.91,0.48,22
09-01-2026 00:53,Into It,Chase Atlantic,0.29,0.57,0
09-01-2026 00:58,FE!N,Travis Scott,0.2,0.88,0
09-01-2026 01:02,Gimme More,Britney Spears,0.38,0.84,1
09-01-2026 01:06,Mi Gente,J Balvin,0.31,0.69,1
09-01-2026 01:12,Hurts So Good,Astrid S,0.38,0.61,1
10-01-2026 14:11,Promise,Jimin,0.74,0.18,14
10-01-2026 14:17,supenatural,Ariana Grande,0.52,0.71,14
10-01-2026 19:40,WILDFLOWER,Billie Eilish,0.13,0.25,19
10-01-2026 19:46,Die With A Smile,Lady Gaga,0.54,0.59,19
10-01-2026 19:51,august,Taylor Swift,0.4,0.62,19
10-01-2026 19:55,Jhol - Acoustic,Maanu,0.52,0.26,19
10-01-2026 22:42,CHIHIRO,Billie Eilish,0.52,0.43,22
10-01-2026 22:46,Promise,Jimin,0.74,0.18,22
11-01-2026 00:51,ONLY,LeeHi,0.15,0.3,0
11-01-2026 00:58,Love wins all,IU,0.32,0.45,0
11-01-2026 02:49,Apocalypse,Cigarettes After Sex,0.17,0.47,2
11-01-2026 02:55,Arson,J-Hope,0.27,0.8,2
11-01-2026 13:40,Who,Jimin,0.84,0.76,13
11-01-2026 13:45,Jhol - Acoustic,Maanu,0.52,0.26,13
11-01-2026 17:06,Friends,Chase Atlantic,0.08,0.61,17
11-01-2026 19:46,Still With You,Jung Kook,0.34,0.47,19
11-01-2026 19:49,Mi Gente,J Balvin,0.31,0.69,19
11-01-2026 19:54,I Like It,Cardi B,0.65,0.73,19
11-01-2026 21:14,Attention,Charlie Puth,0.8,0.61,21
11-01-2026 23:21,Jhol - Acoustic,Maanu,0.52,0.26,23
11-01-2026 23:25,I Like It,Cardi B,0.65,0.73,23
11-01-2026 23:29,Wait On Me,KAI,0.36,0.87,23
12-01-2026 13:01,Promise,Jimin,0.74,0.18,13
12-01-2026 14:45,NO,Meghan Trainor,0.66,0.8,14
12-01-2026 14:49,Fantastic Baby,BIGBANG,0.58,0.84,14
12-01-2026 17:37,lovely (with Khalid),Billie Eilish,0.12,0.3,17
12-01-2026 19:25,DAISIES,Justin Bieber,0.48,0.38,19
12-01-2026 21:18,Dirty Work,Aespa,0.63,0.74,21
12-01-2026 21:23,WOKE UP,XG,0.46,0.63,21
13-01-2026 12:39,Fantastic Baby,BIGBANG,0.58,0.84,12
13-01-2026 12:44,CHIHIRO,Billie Eilish,0.52,0.43,12
13-01-2026 12:50,ONLY,LeeHi,0.15,0.3,12
13-01-2026 12:55,Still With You,Jung Kook,0.34,0.47,12
13-01-2026 13:01,São Paulo,The Weekend,0.55,0.66,13
13-01-2026 18:19,Moonlight,Chase Atlantic,0.14,0.58,18
13-01-2026 18:23,Brooklyn Baby,Lana Del Rey,0.09,0.66,18
14-01-2026 01:25,Love wins all,IU,0.32,0.45,1
14-01-2026 03:00,Still With You,Jung Kook,0.34,0.47,3
14-01-2026 12:48,Like Jennie,Jennie,0.82,0.74,12
14-01-2026 12:53,Promise,Jimin,0.74,0.18,12
14-01-2026 17:04,Young and Beautiful,Lana Del Rey,0.15,0.42,17
14-01-2026 17:08,Chemtrails Over The Country Club,Lana Del Rey,0.43,0.28,17
14-01-2026 17:13,Attention,NewJeans,0.7,0.65,17
14-01-2026 19:07,I Wanna Be Yours,Arctic Monkeys,0.48,0.42,19
14-01-2026 19:12,luther (with sza),Kendrick Lamar,0.58,0.57,19
14-01-2026 19:18,Shy (eh o),PENOMECO,0.91,0.66,19
14-01-2026 19:24,august,Taylor Swift,0.4,0.62,19
14-01-2026 19:27,august,Taylor Swift,0.4,0.62,19
14-01-2026 19:33,Brooklyn Baby,Lana Del Rey,0.09,0.66,19
14-01-2026 19:38,Love wins all,IU,0.32,0.45,19
14-01-2026 19:43,Friends,Chase Atlantic,0.08,0.61,19
14-01-2026 19:48,august,Taylor Swift,0.4,0.62,19
14-01-2026 19:51,Style,Taylor Swift,0.46,0.79,19
14-01-2026 19:57,All The Stars,Kendrick Lamar,0.55,0.63,19
14-01-2026 20:01,Style,Taylor Swift,0.46,0.79,20
14-01-2026 20:08,WOKE UP,XG,0.46,0.63,20
15-01-2026 12:12,Fantastic Baby,BIGBANG,0.58,0.84,12
15-01-2026 18:10,Barbaad,The Rish,0.28,0.51,18
15-01-2026 18:13,Who,Jimin,0.84,0.76,18
15-01-2026 18:16,Dirty Work,Aespa,0.63,0.74,18
15-01-2026 18:20,Woman,Doja Cat,0.88,0.76,18
15-01-2026 18:23,Glimpse of Us,Joji,0.27,0.29,18
15-01-2026 18:28,Barbaad,The Rish,0.28,0.51,18
15-01-2026 22:03,CHIHIRO,Billie Eilish,0.52,0.43,22
15-01-2026 22:08,Woman,Doja Cat,0.88,0.76,22
16-01-2026 01:21,Style,Taylor Swift,0.46,0.79,1
16-01-2026 02:50,All The Stars,Kendrick Lamar,0.55,0.63,2
16-01-2026 02:53,WILDFLOWER,Billie Eilish,0.13,0.25,2
16-01-2026 02:59,Still With You,Jung Kook,0.34,0.47,2
16-01-2026 03:05,Love wins all,IU,0.32,0.45,3
17-01-2026 14:13,FE!N,Travis Scott,0.2,0.88,14
17-01-2026 14:17,Die With A Smile,Lady Gaga,0.54,0.59,14
17-01-2026 14:24,Barbaad,The Rish,0.28,0.51,14
17-01-2026 14:30,Attention,Charlie Puth,0.8,0.61,14
17-01-2026 14:33,Young and Beautiful,Lana Del Rey,0.15,0.42,14
17-01-2026 14:38,Jhol - Acoustic,Maanu,0.52,0.26,14
17-01-2026 14:43,Like Jennie,Jennie,0.82,0.74,14
17-01-2026 14:47,Attention,NewJeans,0.7,0.65,14
17-01-2026 18:47,Fade Into You,Mazzy Star,0.18,0.33,18
17-01-2026 20:17,Paper Hearts,Tori Kelly,0.24,0.23,20
17-01-2026 20:21,pov,Ariana Grande,0.17,0.53,20
18-01-2026 02:18,Love wins all,IU,0.32,0.45,2
18-01-2026 02:24,Magic Shop,BTS,0.28,0.66,2
18-01-2026 02:29,Mi Gente,J Balvin,0.31,0.69,2
18-01-2026 02:33,Swim,Chase Atlantic,0.08,0.54,2
18-01-2026 02:36,Apocalypse,Cigarettes After Sex,0.17,0.47,2
18-01-2026 02:41,Apocalypse,Cigarettes After Sex,0.17,0.47,2
18-01-2026 02:46,Who,Jimin,0.84,0.76,2
18-01-2026 02:50,FAKE LOVE,BTS,0.35,0.72,2
18-01-2026 02:55,NO,Meghan Trainor,0.66,0.8,2
18-01-2026 03:01,lovely (with Khalid),Billie Eilish,0.12,0.3,3
18-01-2026 12:08,Attention,Charlie Puth,0.8,0.61,12
18-01-2026 12:13,DAISIES,Justin Bieber,0.48,0.38,12
18-01-2026 12:17,I Like It,Cardi B,0.65,0.73,12
18-01-2026 12:22,Magic Shop,BTS,0.28,0.66,12
18-01-2026 14:28,Attention,Charlie Puth,0.8,0.61,14
18-01-2026 16:36,Still With You,Jung Kook,0.34,0.47,16
18-01-2026 16:39,Promise,Jimin,0.74,0.18,16
18-01-2026 16:43,WOKE UP,XG,0.46,0.63,16
18-01-2026 16:47,CHIHIRO,Billie Eilish,0.52,0.43,16
18-01-2026 16:53,Jhol - Acoustic,Maanu,0.52,0.26,16
18-01-2026 16:59,NO,Meghan Trainor,0.66,0.8,16
18-01-2026 20:30,Sunflower,"Post Malone, Swae Lee",0.91,0.48,20
18-01-2026 23:45,Love wins all,IU,0.32,0.45,23
18-01-2026 23:51,Friends,Chase Atlantic,0.08,0.61,23
18-01-2026 23:54,luther (with sza),Kendrick Lamar,0.58,0.57,23
19-01-2026 00:01,I Wanna Be Yours,Arctic Monkeys,0.48,0.42,0
19-01-2026 02:21,Can't Help Falling in Love,Elvis Presley,0.34,0.29,2
20-01-2026 12:37,Love wins all,IU,0.32,0.45,12
20-01-2026 18:04,Love wins all,IU,0.32,0.45,18
20-01-2026 18:08,Swim,Chase Atlantic,0.08,0.54,18
20-01-2026 18:15,Fade Into You,Mazzy Star,0.18,0.33,18
20-01-2026 18:19,Paper Hearts,Tori Kelly,0.24,0.23,18
20-01-2026 18:26,Can't Help Falling in Love,Elvis Presley,0.34,0.29,18
20-01-2026 18:30,WILDFLOWER,Billie Eilish,0.13,0.25,18
20-01-2026 20:14,Apocalypse,Cigarettes After Sex,0.17,0.47,20
20-01-2026 20:19,Swim,Chase Atlantic,0.08,0.54,20
20-01-2026 20:24,Glimpse of Us,Joji,0.27,0.29,20
20-01-2026 20:28,Barbaad,The Rish,0.28,0.51,20
20-01-2026 20:33,Young and Beautiful,Lana Del Rey,0.15,0.42,20
20-01-2026 20:36,I Wanna Be Yours,Arctic Monkeys,0.48,0.42,20
20-01-2026 20:39,Moonlight,Chase Atlantic,0.14,0.58,20
21-01-2026 00:23,We Don't Talk Anymore,Charlie Puth,0.35,0.56,0
22-01-2026 12:29,Into It,Chase Atlantic,0.29,0.57,12
22-01-2026 12:34,Love wins all,IU,0.32,0.45,12
22-01-2026 12:41,Glimpse of Us,Joji,0.27,0.29,12
22-01-2026 12:47,DAISIES,Justin Bieber,0.48,0.38,12
22-01-2026 12:52,Can't Help Falling in Love,Elvis Presley,0.34,0.29,12
22-01-2026 12:56,ONLY,LeeHi,0.15,0.3,12
22-01-2026 14:45,Glimpse of Us,Joji,0.27,0.29,14
22-01-2026 14:50,i wish i hated you,Ariana Grande,0.28,0.24,14
22-01-2026 14:56,Young and Beautiful,Lana Del Rey,0.15,0.42,14
22-01-2026 15:01,Can't Help Falling in Love,Elvis Presley,0.34,0.29,15
22-01-2026 15:06,Paper Hearts,Tori Kelly,0.24,0.23,15
22-01-2026 15:13,Young and Beautiful,Lana Del Rey,0.15,0.42,15
22-01-2026 15:19,i wish i hated you,Ariana Grande,0.28,0.24,15
22-01-2026 15:24,Chemtrails Over The Country Club,Lana Del Rey,0.43,0.28,15
22-01-2026 21:38,Into It,Chase Atlantic,0.29,0.57,21
22-01-2026 21:42,lovely (with Khalid),Billie Eilish,0.12,0.3,21
22-01-2026 21:48,Chemtrails Over The Country Club,Lana Del Rey,0.43,0.28,21
22-01-2026 21:53,Love wins all,IU,0.32,0.45,21
22-01-2026 21:58,Apocalypse,Cigarettes After Sex,0.17,0.47,21
23-01-2026 01:41,Apocalypse,Cigarettes After Sex,0.17,0.47,1
24-01-2026 12:06,Moonlight,Chase Atlantic,0.14,0.58,12
24-01-2026 12:11,WILDFLOWER,Billie Eilish,0.13,0.25,12
24-01-2026 12:15,Moonlight,Chase Atlantic,0.14,0.58,12
24-01-2026 12:20,Swim,Chase Atlantic,0.08,0.54,12
24-01-2026 12:26,I Wanna Be Yours,Arctic Monkeys,0.48,0.42,12
24-01-2026 12:31,Chemtrails Over The Country Club,Lana Del Rey,0.43,0.28,12
24-01-2026 12:36,Chemtrails Over The Country Club,Lana Del Rey,0.43,0.28,12
24-01-2026 16:02,Apocalypse,Cigarettes After Sex,0.17,0.47,16
24-01-2026 16:08,Glimpse of Us,Joji,0.27,0.29,16
24-01-2026 16:13,Apocalypse,Cigarettes After Sex,0.17,0.47,16
24-01-2026 16:18,Into It,Chase Atlantic,0.29,0.57,16
24-01-2026 16:23,I Wanna Be Yours,Arctic Monkeys,0.48,0.42,16
24-01-2026 18:16,Love wins all,IU,0.32,0.45,18
24-01-2026 18:19,lovely (with Khalid),Billie Eilish,0.12,0.3,18
24-01-2026 18:22,pov,Ariana Grande,0.17,0.53,18
25-01-2026 00:41,Still With You,Jung Kook,0.34,0.47,0
25-01-2026 12:39,Apocalypse,Cigarettes After Sex,0.17,0.47,12
25-01-2026 12:45,Young and Beautiful,Lana Del Rey,0.15,0.42,12
25-01-2026 19:23,I Wanna Be Yours,Arctic Monkeys,0.48,0.42,19
25-01-2026 19:29,Barbaad,The Rish,0.28,0.51,19
25-01-2026 19:35,Fade Into You,Mazzy Star,0.18,0.33,19
25-01-2026 19:40,Into It,Chase Atlantic,0.29,0.57,19
25-01-2026 19:45,We Don't Talk Anymore,Charlie Puth,0.35,0.56,19
25-01-2026 19:50,Barbaad,The Rish,0.28,0.51,19
25-01-2026 22:44,We Don't Talk Anymore,Charlie Puth,0.35,0.56,22
25-01-2026 22:49,Apocalypse,Cigarettes After Sex,0.17,0.47,22
25-01-2026 22:56,Moonlight,Chase Atlantic,0.14,0.58,22
26-01-2026 00:15,Moonlight,Chase Atlantic,0.14,0.58,0
26-01-2026 00:21,Wait On Me,KAI,0.36,0.87,0
26-01-2026 00:25,Mi Gente,J Balvin,0.31,0.69,0
26-01-2026 02:49,Like Jennie,Jennie,0.82,0.74,2
