timestamp,song_name,artist,valence,energy,hour,time_period,is_heartbreak_week,cluster,mood_label
2025-11-01 00:03:00,Barbaad,The Rish,0.28,0.51,0,Late Night,False,1,Main Character Energy
2025-11-01 00:07:00,Hurts So Good,Astrid S,0.38,0.61,0,Late Night,False,1,Main Character Energy
2025-11-01 00:14:00,Brooklyn Baby,Lana Del Rey,0.09,0.66,0,Late Night,False,1,Main Character Energy
2025-11-01 02:25:00,supenatural,Ariana Grande,0.52,0.71,2,Late Night,False,2,Villain Arc
2025-11-01 02:30:00,Hurts So Good,Astrid S,0.38,0.61,2,Late Night,False,1,Main Character Energy
2025-11-01 12:24:00,Barbaad,The Rish,0.28,0.51,12,Afternoon,False,1,Main Character Energy
2025-11-01 16:30:00,Sunflower,"Post Malone, Swae Lee",0.91,0.48,16,Afternoon,False,2,Villain Arc
2025-11-01 16:35:00,Promise,Jimin,0.74,0.18,16,Afternoon,False,0,Sad Gal Hours
2025-11-01 16:40:00,Attention,NewJeans,0.7,0.65,16,Afternoon,False,2,Villain Arc
2025-11-01 16:47:00,WILDFLOWER,Billie Eilish,0.13,0.25,16,Afternoon,False,0,Sad Gal Hours
2025-11-01 20:39:00,Sunflower,"Post Malone, Swae Lee",0.91,0.48,20,Evening,False,2,Villain Arc
2025-11-01 20:42:00,Apocalypse,Cigarettes After Sex,0.17,0.47,20,Evening,False,0,Sad Gal Hours
2025-11-01 20:48:00,All The Stars,Kendrick Lamar,0.55,0.63,20,Evening,False,2,Villain Arc
2025-11-01 20:53:00,FAKE LOVE,BTS,0.35,0.72,20,Evening,False,1,Main Character Energy
2025-11-02 00:04:00,Wait On Me,KAI,0.36,0.87,0,Late Night,False,1,Main Character Energy
2025-11-02 00:09:00,Love wins all,IU,0.32,0.45,0,Late Night,False,0,Sad Gal Hours
2025-11-02 00:12:00,ONLY,LeeHi,0.15,0.3,0,Late Night,False,0,Sad Gal Hours
2025-11-02 12:41:00,Glimpse of Us,Joji,0.27,0.29,12,Afternoon,False,0,Sad Gal Hours
2025-11-02 12:47:00,NO,Meghan Trainor,0.66,0.8,12,Afternoon,False,2,Villain Arc
2025-11-02 12:54:00,CHIHIRO,Billie Eilish,0.52,0.43,12,Afternoon,False,0,Sad Gal Hours
2025-11-02 15:24:00,Shy (eh o),PENOMECO,0.91,0.66,15,Afternoon,False,2,Villain Arc
2025-11-02 15:27:00,Apocalypse,Cigarettes After Sex,0.17,0.47,15,Afternoon,False,0,Sad Gal Hours
2025-11-02 15:33:00,august,Taylor Swift,0.4,0.62,15,Afternoon,False,1,Main Character Energy
2025-11-02 15:39:00,Shy (eh o),PENOMECO,0.91,0.66,15,Afternoon,False,2,Villain Arc
2025-11-02 15:44:00,São Paulo,The Weekend,0.55,0.66,15,Afternoon,False,2,Villain Arc
2025-11-02 15:51:00,Attention,NewJeans,0.7,0.65,15,Afternoon,False,2,Villain Arc
2025-11-02 15:58:00,São Paulo,The Weekend,0.55,0.66,15,Afternoon,False,2,Villain Arc
2025-11-02 16:03:00,Magic Shop,BTS,0.28,0.66,16,Afternoon,False,1,Main Character Energy
2025-11-02 19:29:00,Still With You,Jung Kook,0.34,0.47,19,Evening,False,0,Sad Gal Hours
2025-11-02 20:48:00,august,Taylor Swift,0.4,0.62,20,Evening,False,1,Main Character Energy
2025-11-02 20:55:00,Love wins all,IU,0.32,0.45,20,Evening,False,0,Sad Gal Hours
2025-11-02 21:01:00,Young and Beautiful,Lana Del Rey,0.15,0.42,21,Night,False,0,Sad Gal Hours
2025-11-02 21:07:00,Attention,NewJeans,0.7,0.65,21,Night,False,2,Villain Arc
2025-11-02 21:10:00,Brooklyn Baby,Lana Del Rey,0.09,0.66,21,Night,False,1,Main Character Energy
2025-11-03 00:46:00,Killin' It Girl,J-Hope,0.8,0.89,0,Late Night,False,2,Villain Arc
2025-11-03 00:50:00,WILDFLOWER,Billie Eilish,0.13,0.25,0,Late Night,False,0,Sad Gal Hours
2025-11-03 00:56:00,Hurts So Good,Astrid S,0.38,0.61,0,Late Night,False,1,Main Character Energy
2025-11-03 01:02:00,ONLY,LeeHi,0.15,0.3,1,Late Night,False,0,Sad Gal Hours
2025-11-03 01:05:00,Young and Beautiful,Lana Del Rey,0.15,0.42,1,Late Night,False,0,Sad Gal Hours
2025-11-04 12:08:00,Humsafar,Sachet-Parampara,0.53,0.77,12,Afternoon,False,2,Villain Arc
2025-11-04 15:24:00,Attention,NewJeans,0.7,0.65,15,Afternoon,False,2,Villain Arc
2025-11-04 17:23:00,Still With You,Jung Kook,0.34,0.47,17,Evening,False,0,Sad Gal Hours
2025-11-04 19:27:00,Humsafar,Sachet-Parampara,0.53,0.77,19,Evening,False,2,Villain Arc
2025-11-04 23:25:00,Die With A Smile,Lady Gaga,0.54,0.59,23,Night,False,2,Villain Arc
2025-11-04 23:30:00,I Wanna Be Yours,Arctic Monkeys,0.48,0.42,23,Night,False,0,Sad Gal Hours
2025-11-04 23:35:00,Harleys In Hawaii,Katy Perry,0.72,0.76,23,Night,False,2,Villain Arc
2025-11-04 23:42:00,Wait On Me,KAI,0.36,0.87,23,Night,False,1,Main Character Energy
2025-11-04 23:46:00,NO,Meghan Trainor,0.66,0.8,23,Night,False,2,Villain Arc
2025-11-04 23:52:00,pov,Ariana Grande,0.17,0.53,23,Night,False,1,Main Character Energy
2025-11-04 23:57:00,NO,Meghan Trainor,0.66,0.8,23,Night,False,2,Villain Arc
2025-11-05 00:00:00,Paper Hearts,Tori Kelly,0.24,0.23,0,Late Night,False,0,Sad Gal Hours
2025-11-05 00:07:00,Young and Beautiful,Lana Del Rey,0.15,0.42,0,Late Night,False,0,Sad Gal Hours
2025-11-05 00:12:00,Still With You,Jung Kook,0.34,0.47,0,Late Night,False,0,Sad Gal Hours
2025-11-05 00:19:00,Paradise,Chase Atlantic,0.3,0.8,0,Late Night,False,1,Main Character Energy
2025-11-05 13:14:00,pov,Ariana Grande,0.17,0.53,13,Afternoon,False,1,Main Character Energy
2025-11-05 13:19:00,Replay,SHINee,0.59,0.78,13,Afternoon,False,2,Villain Arc
2025-11-05 13:25:00,supenatural,Ariana Grande,0.52,0.71,13,Afternoon,False,2,Villain Arc
2025-11-05 13:29:00,Attention,Charlie Puth,0.8,0.61,13,Afternoon,False,2,Villain Arc
2025-11-05 13:35:00,Paper Hearts,Tori Kelly,0.24,0.23,13,Afternoon,False,0,Sad Gal Hours
2025-11-05 13:40:00,Die With A Smile,Lady Gaga,0.54,0.59,13,Afternoon,False,2,Villain Arc
2025-11-05 16:13:00,Jhol - Acoustic,Maanu,0.52,0.26,16,Afternoon,False,0,Sad Gal Hours
2025-11-05 17:22:00,Barbaad,The Rish,0.28,0.51,17,Evening,False,1,Main Character Energy
2025-11-05 17:26:00,WOKE UP,XG,0.46,0.63,17,Evening,False,1,Main Character Energy
2025-11-05 17:29:00,Apocalypse,Cigarettes After Sex,0.17,0.47,17,Evening,False,0,Sad Gal Hours
2025-11-05 17:32:00,supenatural,Ariana Grande,0.52,0.71,17,Evening,False,2,Villain Arc
2025-11-05 17:35:00,FAKE LOVE,BTS,0.35,0.72,17,Evening,False,1,Main Character Energy
2025-11-05 17:41:00,Replay,SHINee,0.59,0.78,17,Evening,False,2,Villain Arc
2025-11-05 17:48:00,CHIHIRO,Billie Eilish,0.52,0.43,17,Evening,False,0,Sad Gal Hours
2025-11-05 17:53:00,Like Jennie,Jennie,0.82,0.74,17,Evening,False,2,Villain Arc
2025-11-05 17:58:00,pov,Ariana Grande,0.17,0.53,17,Evening,False,1,Main Character Energy
2025-11-05 18:03:00,All The Stars,Kendrick Lamar,0.55,0.63,18,Evening,False,2,Villain Arc
2025-11-05 18:07:00,All The Stars,Kendrick Lamar,0.55,0.63,18,Evening,False,2,Villain Arc
2025-11-05 18:12:00,Like Jennie,Jennie,0.82,0.74,18,Evening,False,2,Villain Arc
2025-11-05 20:22:00,august,Taylor Swift,0.4,0.62,20,Evening,False,1,Main Character Energy
2025-11-06 01:53:00,WILDFLOWER,Billie Eilish,0.13,0.25,1,Late Night,False,0,Sad Gal Hours
2025-11-06 15:55:00,Fantastic Baby,BIGBANG,0.58,0.84,15,Afternoon,False,2,Villain Arc
2025-11-06 16:00:00,Die With A Smile,Lady Gaga,0.54,0.59,16,Afternoon,False,2,Villain Arc
2025-11-06 16:07:00,I Like It,Cardi B,0.65,0.73,16,Afternoon,False,2,Villain Arc
2025-11-06 16:14:00,Style,Taylor Swift,0.46,0.79,16,Afternoon,False,1,Main Character Energy
2025-11-06 16:20:00,supenatural,Ariana Grande,0.52,0.71,16,Afternoon,False,2,Villain Arc
2025-11-06 16:25:00,Magic Shop,BTS,0.28,0.66,16,Afternoon,False,1,Main Character Energy
2025-11-06 16:28:00,Die With A Smile,Lady Gaga,0.54,0.59,16,Afternoon,False,2,Villain Arc
2025-11-06 16:33:00,Die With A Smile,Lady Gaga,0.54,0.59,16,Afternoon,False,2,Villain Arc
2025-11-06 16:39:00,Style,Taylor Swift,0.46,0.79,16,Afternoon,False,1,Main Character Energy
2025-11-06 16:44:00,Harleys In Hawaii,Katy Perry,0.72,0.76,16,Afternoon,False,2,Villain Arc
2025-11-06 16:51:00,WOKE UP,XG,0.46,0.63,16,Afternoon,False,1,Main Character Energy
2025-11-06 16:57:00,Love wins all,IU,0.32,0.45,16,Afternoon,False,0,Sad Gal Hours
2025-11-06 18:13:00,Attention,NewJeans,0.7,0.65,18,Evening,False,2,Villain Arc
2025-11-06 18:20:00,I Like It,Cardi B,0.65,0.73,18,Evening,False,2,Villain Arc
2025-11-06 18:25:00,FE!N,Travis Scott,0.2,0.88,18,Evening,False,1,Main Character Energy
2025-11-06 18:30:00,Mantra,JENNIE,0.84,0.73,18,Evening,False,2,Villain Arc
2025-11-06 21:08:00,Moonlight,Chase Atlantic,0.14,0.58,21,Night,False,1,Main Character Energy
2025-11-06 21:13:00,I Wanna Be Yours,Arctic Monkeys,0.48,0.42,21,Night,False,0,Sad Gal Hours
2025-11-06 21:18:00,NO,Meghan Trainor,0.66,0.8,21,Night,False,2,Villain Arc
2025-11-06 21:24:00,Attention,Charlie Puth,0.8,0.61,21,Night,False,2,Villain Arc
2025-11-06 21:29:00,Harleys In Hawaii,Katy Perry,0.72,0.76,21,Night,False,2,Villain Arc
2025-11-06 21:36:00,Fantastic Baby,BIGBANG,0.58,0.84,21,Night,False,2,Villain Arc
2025-11-06 21:41:00,CHIHIRO,Billie Eilish,0.52,0.43,21,Night,False,0,Sad Gal Hours
2025-11-06 21:46:00,Harleys In Hawaii,Katy Perry,0.72,0.76,21,Night,False,2,Villain Arc
2025-11-07 01:54:00,pov,Ariana Grande,0.17,0.53,1,Late Night,False,1,Main Character Energy
2025-11-07 13:22:00,Paper Hearts,Tori Kelly,0.24,0.23,13,Afternoon,False,0,Sad Gal Hours
2025-11-07 13:27:00,i wish i hated you,Ariana Grande,0.28,0.24,13,Afternoon,False,0,Sad Gal Hours
2025-11-07 13:33:00,Harleys In Hawaii,Katy Perry,0.72,0.76,13,Afternoon,False,2,Villain Arc
2025-11-07 13:39:00,Wildest Dreams,Taylor Swift,0.47,0.67,13,Afternoon,False,1,Main Character Energy
2025-11-07 13:44:00,Shy (eh o),PENOMECO,0.91,0.66,13,Afternoon,False,2,Villain Arc
2025-11-07 17:42:00,Wait On Me,KAI,0.36,0.87,17,Evening,False,1,Main Character Energy
2025-11-07 17:46:00,NO,Meghan Trainor,0.66,0.8,17,Evening,False,2,Villain Arc
2025-11-07 17:51:00,Shy (eh o),PENOMECO,0.91,0.66,17,Evening,False,2,Villain Arc
2025-11-07 17:57:00,Attention,NewJeans,0.7,0.65,17,Evening,False,2,Villain Arc
2025-11-07 18:04:00,DAISIES,Justin Bieber,0.48,0.38,18,Evening,False,0,Sad Gal Hours
2025-11-07 21:15:00,Enduko Emo,Alaap Raju,0.7,0.63,21,Night,False,2,Villain Arc
2025-11-07 21:19:00,Still With You,Jung Kook,0.34,0.47,21,Night,False,0,Sad Gal Hours
2025-11-07 21:26:00,luther (with sza),Kendrick Lamar,0.58,0.57,21,Night,False,2,Villain Arc
2025-11-08 00:35:00,Serendipity,BTS,0.23,0.58,0,Late Night,False,1,Main Character Energy
2025-11-08 13:15:00,Replay,SHINee,0.59,0.78,13,Afternoon,False,2,Villain Arc
2025-11-08 13:19:00,Humsafar,Sachet-Parampara,0.53,0.77,13,Afternoon,False,2,Villain Arc
2025-11-08 13:25:00,Chemtrails Over The Country Club,Lana Del Rey,0.43,0.28,13,Afternoon,False,0,Sad Gal Hours
2025-11-08 13:32:00,Mantra,JENNIE,0.84,0.73,13,Afternoon,False,2,Villain Arc
2025-11-08 17:47:00,Like Jennie,Jennie,0.82,0.74,17,Evening,False,2,Villain Arc
2025-11-08 20:32:00,Friends,Chase Atlantic,0.08,0.61,20,Evening,False,1,Main Character Energy
2025-11-08 20:35:00,Style,Taylor Swift,0.46,0.79,20,Evening,False,1,Main Character Energy
2025-11-08 21:51:00,Arson,J-Hope,0.27,0.8,21,Night,False,1,Main Character Energy
2025-11-08 21:58:00,I Like It,Cardi B,0.65,0.73,21,Night,False,2,Villain Arc
2025-11-08 22:03:00,supenatural,Ariana Grande,0.52,0.71,22,Night,False,2,Villain Arc
2025-11-08 23:52:00,São Paulo,The Weekend,0.55,0.66,23,Night,False,2,Villain Arc
2025-11-08 23:56:00,august,Taylor Swift,0.4,0.62,23,Night,False,1,Main Character Energy
2025-11-09 00:00:00,Still With You,Jung Kook,0.34,0.47,0,Late Night,False,0,Sad Gal Hours
2025-11-09 01:16:00,ONLY,LeeHi,0.15,0.3,1,Late Night,False,0,Sad Gal Hours
2025-11-09 01:20:00,i wish i hated you,Ariana Grande,0.28,0.24,1,Late Night,False,0,Sad Gal Hours
2025-11-10 12:09:00,Love wins all,IU,0.32,0.45,12,Afternoon,False,0,Sad Gal Hours
2025-11-10 12:13:00,Swim,Chase Atlantic,0.08,0.54,12,Afternoon,False,1,Main Character Energy
2025-11-10 14:39:00,I Like It,Cardi B,0.65,0.73,14,Afternoon,False,2,Villain Arc
2025-11-10 14:45:00,Mantra,JENNIE,0.84,0.73,14,Afternoon,False,2,Villain Arc
2025-11-10 14:50:00,Serendipity,BTS,0.23,0.58,14,Afternoon,False,1,Main Character Energy
2025-11-10 14:55:00,Hurts So Good,Astrid S,0.38,0.61,14,Afternoon,False,1,Main Character Energy
2025-11-10 15:00:00,CHIHIRO,Billie Eilish,0.52,0.43,15,Afternoon,False,0,Sad Gal Hours
2025-11-10 15:05:00,Harleys In Hawaii,Katy Perry,0.72,0.76,15,Afternoon,False,2,Villain Arc
2025-11-10 15:12:00,supenatural,Ariana Grande,0.52,0.71,15,Afternoon,False,2,Villain Arc
2025-11-10 15:16:00,Like Jennie,Jennie,0.82,0.74,15,Afternoon,False,2,Villain Arc
2025-11-10 15:20:00,São Paulo,The Weekend,0.55,0.66,15,Afternoon,False,2,Villain Arc
2025-11-10 23:46:00,Shy (eh o),PENOMECO,0.91,0.66,23,Night,False,2,Villain Arc
2025-11-11 01:51:00,Love wins all,IU,0.32,0.45,1,Late Night,False,0,Sad Gal Hours
2025-11-12 13:48:00,Promise,Jimin,0.74,0.18,13,Afternoon,False,0,Sad Gal Hours
2025-11-12 13:53:00,Woman,Doja Cat,0.88,0.76,13,Afternoon,False,2,Villain Arc
2025-11-12 13:56:00,august,Taylor Swift,0.4,0.62,13,Afternoon,False,1,Main Character Energy
2025-11-12 14:01:00,All The Stars,Kendrick Lamar,0.55,0.63,14,Afternoon,False,2,Villain Arc
2025-11-12 16:05:00,lovely (with Khalid),Billie Eilish,0.12,0.3,16,Afternoon,False,0,Sad Gal Hours
2025-11-12 16:09:00,Fantastic Baby,BIGBANG,0.58,0.84,16,Afternoon,False,2,Villain Arc
2025-11-12 18:07:00,supenatural,Ariana Grande,0.52,0.71,18,Evening,False,2,Villain Arc
2025-11-12 21:29:00,Shy (eh o),PENOMECO,0.91,0.66,21,Night,False,2,Villain Arc
2025-11-13 00:51:00,Still With You,Jung Kook,0.34,0.47,0,Late Night,False,0,Sad Gal Hours
2025-11-13 00:55:00,Love wins all,IU,0.32,0.45,0,Late Night,False,0,Sad Gal Hours
2025-11-13 00:59:00,Moonlight,Chase Atlantic,0.14,0.58,0,Late Night,False,1,Main Character Energy
2025-11-13 01:03:00,Paper Hearts,Tori Kelly,0.24,0.23,1,Late Night,False,0,Sad Gal Hours
2025-11-13 12:47:00,I Like It,Cardi B,0.65,0.73,12,Afternoon,False,2,Villain Arc
2025-11-13 13:57:00,I Like It,Cardi B,0.65,0.73,13,Afternoon,False,2,Villain Arc
2025-11-13 14:03:00,CHIHIRO,Billie Eilish,0.52,0.43,14,Afternoon,False,0,Sad Gal Hours
2025-11-13 16:15:00,Harleys In Hawaii,Katy Perry,0.72,0.76,16,Afternoon,False,2,Villain Arc
2025-11-13 16:22:00,Die With A Smile,Lady Gaga,0.54,0.59,16,Afternoon,False,2,Villain Arc
2025-11-13 19:27:00,Young and Beautiful,Lana Del Rey,0.15,0.42,19,Evening,False,0,Sad Gal Hours
2025-11-13 19:32:00,Mi Gente,J Balvin,0.31,0.69,19,Evening,False,1,Main Character Energy
2025-11-13 19:37:00,august,Taylor Swift,0.4,0.62,19,Evening,False,1,Main Character Energy
2025-11-14 01:45:00,Magic Shop,BTS,0.28,0.66,1,Late Night,False,1,Main Character Energy
2025-11-14 01:49:00,Love wins all,IU,0.32,0.45,1,Late Night,False,0,Sad Gal Hours
2025-11-14 01:53:00,Into It,Chase Atlantic,0.29,0.57,1,Late Night,False,1,Main Character Energy
2025-11-14 01:58:00,ONLY,LeeHi,0.15,0.3,1,Late Night,False,0,Sad Gal Hours
2025-11-14 02:03:00,NO,Meghan Trainor,0.66,0.8,2,Late Night,False,2,Villain Arc
2025-11-15 12:49:00,Who,Jimin,0.84,0.76,12,Afternoon,False,2,Villain Arc
2025-11-15 15:23:00,Mantra,JENNIE,0.84,0.73,15,Afternoon,False,2,Villain Arc
2025-11-15 17:31:00,Shy (eh o),PENOMECO,0.91,0.66,17,Evening,False,2,Villain Arc
2025-11-15 17:38:00,All The Stars,Kendrick Lamar,0.55,0.63,17,Evening,False,2,Villain Arc
2025-11-15 17:43:00,All The Stars,Kendrick Lamar,0.55,0.63,17,Evening,False,2,Villain Arc
2025-11-15 20:56:00,Brooklyn Baby,Lana Del Rey,0.09,0.66,20,Evening,False,1,Main Character Energy
2025-11-15 21:01:00,Chemtrails Over The Country Club,Lana Del Rey,0.43,0.28,21,Night,False,0,Sad Gal Hours
2025-11-15 23:41:00,supenatural,Ariana Grande,0.52,0.71,23,Night,False,2,Villain Arc
2025-11-15 23:47:00,Die With A Smile,Lady Gaga,0.54,0.59,23,Night,False,2,Villain Arc
2025-11-15 23:53:00,Brooklyn Baby,Lana Del Rey,0.09,0.66,23,Night,False,1,Main Character Energy
2025-11-16 01:54:00,We Don't Talk Anymore,Charlie Puth,0.35,0.56,1,Late Night,False,1,Main Character Energy
2025-11-16 13:02:00,All The Stars,Kendrick Lamar,0.55,0.63,13,Afternoon,False,2,Villain Arc
2025-11-16 16:57:00,lovely (with Khalid),Billie Eilish,0.12,0.3,16,Afternoon,False,0,Sad Gal Hours
2025-11-16 22:07:00,I Wanna Be Yours,Arctic Monkeys,0.48,0.42,22,Night,False,0,Sad Gal Hours
2025-11-16 22:12:00,CHIHIRO,Billie Eilish,0.52,0.43,22,Night,False,0,Sad Gal Hours
2025-11-17 02:17:00,Paper Hearts,Tori Kelly,0.24,0.23,2,Late Night,False,0,Sad Gal Hours
2025-11-17 16:18:00,We Don't Talk Anymore,Charlie Puth,0.35,0.56,16,Afternoon,False,1,Main Character Energy
2025-11-17 16:23:00,Moonlight,Chase Atlantic,0.14,0.58,16,Afternoon,False,1,Main Character Energy
2025-11-17 16:28:00,Arson,J-Hope,0.27,0.8,16,Afternoon,False,1,Main Character Energy
2025-11-17 16:34:00,Dirty Work,Aespa,0.63,0.74,16,Afternoon,False,2,Villain Arc
2025-11-17 16:37:00,Woman,Doja Cat,0.88,0.76,16,Afternoon,False,2,Villain Arc
2025-11-17 16:42:00,Jhol - Acoustic,Maanu,0.52,0.26,16,Afternoon,False,0,Sad Gal Hours
2025-11-17 16:48:00,Promise,Jimin,0.74,0.18,16,Afternoon,False,0,Sad Gal Hours
2025-11-17 16:54:00,We Don't Talk Anymore,Charlie Puth,0.35,0.56,16,Afternoon,False,1,Main Character Energy
2025-11-17 16:58:00,Paper Hearts,Tori Kelly,0.24,0.23,16,Afternoon,False,0,Sad Gal Hours
2025-11-17 17:03:00,Can't Help Falling in Love,Elvis Presley,0.34,0.29,17,Evening,False,0,Sad Gal Hours
2025-11-17 17:09:00,Replay,SHINee,0.59,0.78,17,Evening,False,2,Villain Arc
2025-11-17 17:13:00,All The Stars,Kendrick Lamar,0.55,0.63,17,Evening,False,2,Villain Arc
2025-11-17 17:20:00,NO,Meghan Trainor,0.66,0.8,17,Evening,False,2,Villain Arc
2025-11-17 17:23:00,Can't Help Falling in Love,Elvis Presley,0.34,0.29,17,Evening,False,0,Sad Gal Hours
2025-11-17 20:14:00,Young and Beautiful,Lana Del Rey,0.15,0.42,20,Evening,False,0,Sad Gal Hours
2025-11-17 20:18:00,Dirty Work,Aespa,0.63,0.74,20,Evening,False,2,Villain Arc
2025-11-17 22:02:00,Enduko Emo,Alaap Raju,0.7,0.63,22,Night,False,2,Villain Arc
2025-11-17 22:09:00,Can't Help Falling in Love,Elvis Presley,0.34,0.29,22,Night,False,0,Sad Gal Hours
2025-11-17 22:12:00,i wish i hated you,Ariana Grande,0.28,0.24,22,Night,False,0,Sad Gal Hours
2025-11-17 22:15:00,Humsafar,Sachet-Parampara,0.53,0.77,22,Night,False,2,Villain Arc
2025-11-18 00:49:00,Love wins all,IU,0.32,0.45,0,Late Night,False,0,Sad Gal Hours
2025-11-18 00:53:00,Moonlight,Chase Atlantic,0.14,0.58,0,Late Night,False,1,Main Character Energy
2025-11-18 00:57:00,Swim,Chase Atlantic,0.08,0.54,0,Late Night,False,1,Main Character Energy
2025-11-18 01:03:00,Gimme More,Britney Spears,0.38,0.84,1,Late Night,False,1,Main Character Energy
2025-11-18 01:07:00,ONLY,LeeHi,0.15,0.3,1,Late Night,False,0,Sad Gal Hours
2025-11-18 01:10:00,WILDFLOWER,Billie Eilish,0.13,0.25,1,Late Night,False,0,Sad Gal Hours
2025-11-18 01:15:00,WILDFLOWER,Billie Eilish,0.13,0.25,1,Late Night,False,0,Sad Gal Hours
2025-11-18 13:36:00,Swim,Chase Atlantic,0.08,0.54,13,Afternoon,False,1,Main Character Energy
2025-11-18 13:41:00,Harleys In Hawaii,Katy Perry,0.72,0.76,13,Afternoon,False,2,Villain Arc
2025-11-18 19:58:00,i wish i hated you,Ariana Grande,0.28,0.24,19,Evening,False,0,Sad Gal Hours
2025-11-18 20:02:00,Dirty Work,Aespa,0.63,0.74,20,Evening,False,2,Villain Arc
2025-11-18 20:07:00,i wish i hated you,Ariana Grande,0.28,0.24,20,Evening,False,0,Sad Gal Hours
2025-11-18 20:12:00,Friends,Chase Atlantic,0.08,0.61,20,Evening,False,1,Main Character Energy
2025-11-18 22:11:00,CHIHIRO,Billie Eilish,0.52,0.43,22,Night,False,0,Sad Gal Hours
2025-11-18 22:15:00,Brooklyn Baby,Lana Del Rey,0.09,0.66,22,Night,False,1,Main Character Energy
2025-11-18 22:22:00,Love wins all,IU,0.32,0.45,22,Night,False,0,Sad Gal Hours
2025-11-18 22:26:00,Barbaad,The Rish,0.28,0.51,22,Night,False,1,Main Character Energy
2025-11-18 22:30:00,Brooklyn Baby,Lana Del Rey,0.09,0.66,22,Night,False,1,Main Character Energy
2025-11-18 22:34:00,Humsafar,Sachet-Parampara,0.53,0.77,22,Night,False,2,Villain Arc
2025-11-19 02:38:00,We Don't Talk Anymore,Charlie Puth,0.35,0.56,2,Late Night,False,1,Main Character Energy
2025-11-19 15:33:00,Mantra,JENNIE,0.84,0.73,15,Afternoon,False,2,Villain Arc
2025-11-19 15:38:00,Who,Jimin,0.84,0.76,15,Afternoon,False,2,Villain Arc
2025-11-19 15:42:00,Fantastic Baby,BIGBANG,0.58,0.84,15,Afternoon,False,2,Villain Arc
2025-11-19 15:46:00,pov,Ariana Grande,0.17,0.53,15,Afternoon,False,1,Main Character Energy
2025-11-19 18:50:00,NO,Meghan Trainor,0.66,0.8,18,Evening,False,2,Villain Arc
2025-11-19 18:54:00,NO,Meghan Trainor,0.66,0.8,18,Evening,False,2,Villain Arc
2025-11-19 18:59:00,Hurts So Good,Astrid S,0.38,0.61,18,Evening,False,1,Main Character Energy
2025-11-19 19:04:00,Attention,Charlie Puth,0.8,0.61,19,Evening,False,2,Villain Arc
2025-11-19 19:08:00,Paradise,Chase Atlantic,0.3,0.8,19,Evening,False,1,Main Character Energy
2025-11-19 19:13:00,Dirty Work,Aespa,0.63,0.74,19,Evening,False,2,Villain Arc
2025-11-19 19:17:00,Barbaad,The Rish,0.28,0.51,19,Evening,False,1,Main Character Energy
2025-11-19 19:21:00,I Like It,Cardi B,0.65,0.73,19,Evening,False,2,Villain Arc
2025-11-19 19:28:00,Glimpse of Us,Joji,0.27,0.29,19,Evening,False,0,Sad Gal Hours
2025-11-19 19:31:00,august,Taylor Swift,0.4,0.62,19,Evening,False,1,Main Character Energy
2025-11-19 19:36:00,São Paulo,The Weekend,0.55,0.66,19,Evening,False,2,Villain Arc
2025-11-19 19:40:00,supenatural,Ariana Grande,0.52,0.71,19,Evening,False,2,Villain Arc
2025-11-19 19:46:00,Fade Into You,Mazzy Star,0.18,0.33,19,Evening,False,0,Sad Gal Hours
2025-11-19 19:52:00,Chemtrails Over The Country Club,Lana Del Rey,0.43,0.28,19,Evening,False,0,Sad Gal Hours
2025-11-19 19:55:00,WOKE UP,XG,0.46,0.63,19,Evening,False,1,Main Character Energy
2025-11-21 12:40:00,Killin' It Girl,J-Hope,0.8,0.89,12,Afternoon,False,2,Villain Arc
2025-11-21 12:45:00,Woman,Doja Cat,0.88,0.76,12,Afternoon,False,2,Villain Arc
2025-11-21 12:49:00,Mi Gente,J Balvin,0.31,0.69,12,Afternoon,False,1,Main Character Energy
2025-11-21 12:55:00,luther (with sza),Kendrick Lamar,0.58,0.57,12,Afternoon,False,2,Villain Arc
2025-11-21 16:46:00,Magic Shop,BTS,0.28,0.66,16,Afternoon,False,1,Main Character Energy
2025-11-21 16:51:00,Love wins all,IU,0.32,0.45,16,Afternoon,False,0,Sad Gal Hours
2025-11-21 16:54:00,Who,Jimin,0.84,0.76,16,Afternoon,False,2,Villain Arc
2025-11-21 16:57:00,luther (with sza),Kendrick Lamar,0.58,0.57,16,Afternoon,False,2,Villain Arc
2025-11-21 17:04:00,All The Stars,Kendrick Lamar,0.55,0.63,17,Evening,False,2,Villain Arc
2025-11-21 17:08:00,Woman,Doja Cat,0.88,0.76,17,Evening,False,2,Villain Arc
2025-11-21 17:15:00,august,Taylor Swift,0.4,0.62,17,Evening,False,1,Main Character Energy
2025-11-21 17:19:00,pov,Ariana Grande,0.17,0.53,17,Evening,False,1,Main Character Energy
2025-11-21 17:24:00,WILDFLOWER,Billie Eilish,0.13,0.25,17,Evening,False,0,Sad Gal Hours
2025-11-21 17:30:00,supenatural,Ariana Grande,0.52,0.71,17,Evening,False,2,Villain Arc
2025-11-21 17:37:00,Fantastic Baby,BIGBANG,0.58,0.84,17,Evening,False,2,Villain Arc
2025-11-21 17:41:00,Apocalypse,Cigarettes After Sex,0.17,0.47,17,Evening,False,0,Sad Gal Hours
2025-11-21 17:47:00,NO,Meghan Trainor,0.66,0.8,17,Evening,False,2,Villain Arc
2025-11-21 21:14:00,Barbaad,The Rish,0.28,0.51,21,Night,False,1,Main Character Energy
2025-11-22 01:21:00,Love wins all,IU,0.32,0.45,1,Late Night,False,0,Sad Gal Hours
2025-11-22 13:13:00,I Like It,Cardi B,0.65,0.73,13,Afternoon,False,2,Villain Arc
2025-11-22 13:17:00,Jhol - Acoustic,Maanu,0.52,0.26,13,Afternoon,False,0,Sad Gal Hours
2025-11-22 13:22:00,WILDFLOWER,Billie Eilish,0.13,0.25,13,Afternoon,False,0,Sad Gal Hours
2025-11-22 13:26:00,Attention,Charlie Puth,0.8,0.61,13,Afternoon,False,2,Villain Arc
2025-11-22 13:30:00,Gimme More,Britney Spears,0.38,0.84,13,Afternoon,False,1,Main Character Energy
2025-11-22 13:35:00,Fantastic Baby,BIGBANG,0.58,0.84,13,Afternoon,False,2,Villain Arc
2025-11-22 13:40:00,Fantastic Baby,BIGBANG,0.58,0.84,13,Afternoon,False,2,Villain Arc
2025-11-22 16:35:00,Like Jennie,Jennie,0.82,0.74,16,Afternoon,False,2,Villain Arc
2025-11-22 16:42:00,Attention,Charlie Puth,0.8,0.61,16,Afternoon,False,2,Villain Arc
2025-11-22 16:47:00,Moonlight,Chase Atlantic,0.14,0.58,16,Afternoon,False,1,Main Character Energy
2025-11-22 16:53:00,NO,Meghan Trainor,0.66,0.8,16,Afternoon,False,2,Villain Arc
2025-11-22 17:00:00,Jhol - Acoustic,Maanu,0.52,0.26,17,Evening,False,0,Sad Gal Hours
2025-11-22 17:04:00,Like Jennie,Jennie,0.82,0.74,17,Evening,False,2,Villain Arc
2025-11-22 17:08:00,Swim,Chase Atlantic,0.08,0.54,17,Evening,False,1,Main Character Energy
2025-11-22 17:11:00,São Paulo,The Weekend,0.55,0.66,17,Evening,False,2,Villain Arc
2025-11-22 17:18:00,CHIHIRO,Billie Eilish,0.52,0.43,17,Evening,False,0,Sad Gal Hours
2025-11-22 17:25:00,Killin' It Girl,J-Hope,0.8,0.89,17,Evening,False,2,Villain Arc
2025-11-22 17:31:00,WILDFLOWER,Billie Eilish,0.13,0.25,17,Evening,False,0,Sad Gal Hours
2025-11-22 17:37:00,NO,Meghan Trainor,0.66,0.8,17,Evening,False,2,Villain Arc
2025-11-22 17:41:00,Mantra,JENNIE,0.84,0.73,17,Evening,False,2,Villain Arc
2025-11-22 17:47:00,CHIHIRO,Billie Eilish,0.52,0.43,17,Evening,False,0,Sad Gal Hours
2025-11-22 17:52:00,Magic Shop,BTS,0.28,0.66,17,Evening,False,1,Main Character Energy
2025-11-22 17:55:00,Mantra,JENNIE,0.84,0.73,17,Evening,False,2,Villain Arc
2025-11-22 18:01:00,Arson,J-Hope,0.27,0.8,18,Evening,False,1,Main Character Energy
2025-11-22 18:06:00,Can't Help Falling in Love,Elvis Presley,0.34,0.29,18,Evening,False,0,Sad Gal Hours
2025-11-22 18:11:00,Woman,Doja Cat,0.88,0.76,18,Evening,False,2,Villain Arc
2025-11-22 18:15:00,Fade Into You,Mazzy Star,0.18,0.33,18,Evening,False,0,Sad Gal Hours
2025-11-22 18:20:00,Replay,SHINee,0.59,0.78,18,Evening,False,2,Villain Arc
2025-11-23 02:35:00,Barbaad,The Rish,0.28,0.51,2,Late Night,False,1,Main Character Energy
2025-11-23 02:40:00,Can't Help Falling in Love,Elvis Presley,0.34,0.29,2,Late Night,False,0,Sad Gal Hours
2025-11-23 02:46:00,Wait On Me,KAI,0.36,0.87,2,Late Night,False,1,Main Character Energy
2025-11-23 02:51:00,FE!N,Travis Scott,0.2,0.88,2,Late Night,False,1,Main Character Energy
2025-11-23 02:56:00,Brooklyn Baby,Lana Del Rey,0.09,0.66,2,Late Night,False,1,Main Character Energy
2025-11-23 12:11:00,I Like It,Cardi B,0.65,0.73,12,Afternoon,False,2,Villain Arc
2025-11-23 12:17:00,Moonlight,Chase Atlantic,0.14,0.58,12,Afternoon,False,1,Main Character Energy
2025-11-23 12:22:00,Sunflower,"Post Malone, Swae Lee",0.91,0.48,12,Afternoon,False,2,Villain Arc
2025-11-23 12:27:00,São Paulo,The Weekend,0.55,0.66,12,Afternoon,False,2,Villain Arc
2025-11-23 12:32:00,Attention,Charlie Puth,0.8,0.61,12,Afternoon,False,2,Villain Arc
2025-11-23 12:36:00,I Like It,Cardi B,0.65,0.73,12,Afternoon,False,2,Villain Arc
2025-11-23 12:40:00,Still With You,Jung Kook,0.34,0.47,12,Afternoon,False,0,Sad Gal Hours
2025-11-23 12:45:00,lovely (with Khalid),Billie Eilish,0.12,0.3,12,Afternoon,False,0,Sad Gal Hours
2025-11-23 12:50:00,Replay,SHINee,0.59,0.78,12,Afternoon,False,2,Villain Arc
2025-11-23 12:54:00,Humsafar,Sachet-Parampara,0.53,0.77,12,Afternoon,False,2,Villain Arc
2025-11-23 12:58:00,Wildest Dreams,Taylor Swift,0.47,0.67,12,Afternoon,False,1,Main Character Energy
2025-11-23 15:14:00,Shy (eh o),PENOMECO,0.91,0.66,15,Afternoon,False,2,Villain Arc
2025-11-23 15:19:00,Sunflower,"Post Malone, Swae Lee",0.91,0.48,15,Afternoon,False,2,Villain Arc
2025-11-23 15:25:00,Dirty Work,Aespa,0.63,0.74,15,Afternoon,False,2,Villain Arc
2025-11-23 15:28:00,Attention,NewJeans,0.7,0.65,15,Afternoon,False,2,Villain Arc
2025-11-23 15:34:00,I Like It,Cardi B,0.65,0.73,15,Afternoon,False,2,Villain Arc
2025-11-23 15:37:00,Enduko Emo,Alaap Raju,0.7,0.63,15,Afternoon,False,2,Villain Arc
2025-11-23 15:44:00,Replay,SHINee,0.59,0.78,15,Afternoon,False,2,Villain Arc
2025-11-23 15:50:00,Young and Beautiful,Lana Del Rey,0.15,0.42,15,Afternoon,False,0,Sad Gal Hours
2025-11-23 15:55:00,Like Jennie,Jennie,0.82,0.74,15,Afternoon,False,2,Villain Arc
2025-11-23 18:49:00,WOKE UP,XG,0.46,0.63,18,Evening,False,1,Main Character Energy
2025-11-23 22:34:00,Young and Beautiful,Lana Del Rey,0.15,0.42,22,Night,False,0,Sad Gal Hours
2025-11-24 01:15:00,Fade Into You,Mazzy Star,0.18,0.33,1,Late Night,False,0,Sad Gal Hours
2025-11-24 01:20:00,Love wins all,IU,0.32,0.45,1,Late Night,False,0,Sad Gal Hours
2025-11-24 01:25:00,Serendipity,BTS,0.23,0.58,1,Late Night,False,1,Main Character Energy
2025-11-24 12:45:00,Arson,J-Hope,0.27,0.8,12,Afternoon,False,1,Main Character Energy
2025-11-24 12:49:00,Friends,Chase Atlantic,0.08,0.61,12,Afternoon,False,1,Main Character Energy
2025-11-24 12:54:00,luther (with sza),Kendrick Lamar,0.58,0.57,12,Afternoon,False,2,Villain Arc
2025-11-24 12:59:00,Glimpse of Us,Joji,0.27,0.29,12,Afternoon,False,0,Sad Gal Hours
2025-11-24 13:03:00,All The Stars,Kendrick Lamar,0.55,0.63,13,Afternoon,False,2,Villain Arc
2025-11-24 13:07:00,Love wins all,IU,0.32,0.45,13,Afternoon,False,0,Sad Gal Hours
2025-11-24 13:13:00,São Paulo,The Weekend,0.55,0.66,13,Afternoon,False,2,Villain Arc
2025-11-24 13:18:00,Replay,SHINee,0.59,0.78,13,Afternoon,False,2,Villain Arc
2025-11-24 16:21:00,Mantra,JENNIE,0.84,0.73,16,Afternoon,False,2,Villain Arc
2025-11-24 17:37:00,Like Jennie,Jennie,0.82,0.74,17,Evening,False,2,Villain Arc
2025-11-24 17:41:00,FE!N,Travis Scott,0.2,0.88,17,Evening,False,1,Main Character Energy
2025-11-24 19:50:00,Paradise,Chase Atlantic,0.3,0.8,19,Evening,False,1,Main Character Energy
2025-11-24 19:54:00,Into It,Chase Atlantic,0.29,0.57,19,Evening,False,1,Main Character Energy
2025-11-24 19:59:00,Harleys In Hawaii,Katy Perry,0.72,0.76,19,Evening,False,2,Villain Arc
2025-11-24 23:12:00,Mantra,JENNIE,0.84,0.73,23,Night,False,2,Villain Arc
2025-11-25 02:48:00,Hurts So Good,Astrid S,0.38,0.61,2,Late Night,False,1,Main Character Energy
2025-11-25 13:00:00,Dirty Work,Aespa,0.63,0.74,13,Afternoon,False,2,Villain Arc
2025-11-25 13:04:00,Enduko Emo,Alaap Raju,0.7,0.63,13,Afternoon,False,2,Villain Arc
2025-11-25 13:09:00,august,Taylor Swift,0.4,0.62,13,Afternoon,False,1,Main Character Energy
2025-11-25 16:34:00,FE!N,Travis Scott,0.2,0.88,16,Afternoon,False,1,Main Character Energy
2025-11-25 16:39:00,Attention,NewJeans,0.7,0.65,16,Afternoon,False,2,Villain Arc
2025-11-25 16:43:00,Woman,Doja Cat,0.88,0.76,16,Afternoon,False,2,Villain Arc
2025-11-25 16:48:00,FAKE LOVE,BTS,0.35,0.72,16,Afternoon,False,1,Main Character Energy
2025-11-25 16:51:00,Woman,Doja Cat,0.88,0.76,16,Afternoon,False,2,Villain Arc
2025-11-25 16:56:00,Enduko Emo,Alaap Raju,0.7,0.63,16,Afternoon,False,2,Villain Arc
2025-11-25 18:13:00,Jhol - Acoustic,Maanu,0.52,0.26,18,Evening,False,0,Sad Gal Hours
2025-11-25 18:19:00,Attention,NewJeans,0.7,0.65,18,Evening,False,2,Villain Arc
2025-11-25 18:22:00,pov,Ariana Grande,0.17,0.53,18,Evening,False,1,Main Character Energy
2025-11-25 18:26:00,WOKE UP,XG,0.46,0.63,18,Evening,False,1,Main Character Energy
2025-11-25 18:31:00,Serendipity,BTS,0.23,0.58,18,Evening,False,1,Main Character Energy
2025-11-26 00:38:00,Friends,Chase Atlantic,0.08,0.61,0,Late Night,False,1,Main Character Energy
2025-11-26 00:41:00,All The Stars,Kendrick Lamar,0.55,0.63,0,Late Night,False,2,Villain Arc
2025-11-26 00:46:00,Can't Help Falling in Love,Elvis Presley,0.34,0.29,0,Late Night,False,0,Sad Gal Hours
2025-11-26 00:51:00,Gimme More,Britney Spears,0.38,0.84,0,Late Night,False,1,Main Character Energy
2025-11-26 00:56:00,Mi Gente,J Balvin,0.31,0.69,0,Late Night,False,1,Main Character Energy
2025-11-26 13:17:00,Jhol - Acoustic,Maanu,0.52,0.26,13,Afternoon,False,0,Sad Gal Hours
2025-11-26 14:46:00,Dirty Work,Aespa,0.63,0.74,14,Afternoon,False,2,Villain Arc
2025-11-26 14:52:00,Attention,Charlie Puth,0.8,0.61,14,Afternoon,False,2,Villain Arc
2025-11-26 18:24:00,Fade Into You,Mazzy Star,0.18,0.33,18,Evening,False,0,Sad Gal Hours
2025-11-26 22:07:00,supenatural,Ariana Grande,0.52,0.71,22,Night,False,2,Villain Arc
2025-11-26 22:12:00,Like Jennie,Jennie,0.82,0.74,22,Night,False,2,Villain Arc
2025-11-26 22:17:00,Enduko Emo,Alaap Raju,0.7,0.63,22,Night,False,2,Villain Arc
2025-11-26 22:24:00,Enduko Emo,Alaap Raju,0.7,0.63,22,Night,False,2,Villain Arc
2025-11-26 22:29:00,Into It,Chase Atlantic,0.29,0.57,22,Night,False,1,Main Character Energy
2025-11-26 22:36:00,NO,Meghan Trainor,0.66,0.8,22,Night,False,2,Villain Arc
2025-11-26 22:40:00,Attention,NewJeans,0.7,0.65,22,Night,False,2,Villain Arc
2025-11-28 12:27:00,Enduko Emo,Alaap Raju,0.7,0.63,12,Afternoon,False,2,Villain Arc
2025-11-28 13:53:00,Humsafar,Sachet-Parampara,0.53,0.77,13,Afternoon,False,2,Villain Arc
2025-11-28 13:57:00,Still With You,Jung Kook,0.34,0.47,13,Afternoon,False,0,Sad Gal Hours
2025-11-28 14:02:00,Promise,Jimin,0.74,0.18,14,Afternoon,False,0,Sad Gal Hours
2025-11-28 14:05:00,Mantra,JENNIE,0.84,0.73,14,Afternoon,False,2,Villain Arc
2025-11-28 14:11:00,Brooklyn Baby,Lana Del Rey,0.09,0.66,14,Afternoon,False,1,Main Character Energy
2025-11-28 14:15:00,Wildest Dreams,Taylor Swift,0.47,0.67,14,Afternoon,False,1,Main Character Energy
2025-11-28 16:53:00,Enduko Emo,Alaap Raju,0.7,0.63,16,Afternoon,False,2,Villain Arc
2025-11-28 16:58:00,NO,Meghan Trainor,0.66,0.8,16,Afternoon,False,2,Villain Arc
2025-11-28 19:54:00,Killin' It Girl,J-Hope,0.8,0.89,19,Evening,False,2,Villain Arc
2025-11-29 00:35:00,lovely (with Khalid),Billie Eilish,0.12,0.3,0,Late Night,False,0,Sad Gal Hours
2025-11-29 13:13:00,WOKE UP,XG,0.46,0.63,13,Afternoon,False,1,Main Character Energy
2025-11-29 13:17:00,pov,Ariana Grande,0.17,0.53,13,Afternoon,False,1,Main Character Energy
2025-11-29 13:23:00,Paper Hearts,Tori Kelly,0.24,0.23,13,Afternoon,False,0,Sad Gal Hours
2025-11-29 13:28:00,Mantra,JENNIE,0.84,0.73,13,Afternoon,False,2,Villain Arc
2025-11-29 13:35:00,NO,Meghan Trainor,0.66,0.8,13,Afternoon,False,2,Villain Arc
2025-11-29 13:40:00,Who,Jimin,0.84,0.76,13,Afternoon,False,2,Villain Arc
2025-11-29 16:29:00,Attention,Charlie Puth,0.8,0.61,16,Afternoon,False,2,Villain Arc
2025-11-29 16:34:00,Swim,Chase Atlantic,0.08,0.54,16,Afternoon,False,1,Main Character Energy
2025-11-29 16:41:00,luther (with sza),Kendrick Lamar,0.58,0.57,16,Afternoon,False,2,Villain Arc
2025-11-29 19:38:00,Jhol - Acoustic,Maanu,0.52,0.26,19,Evening,False,0,Sad Gal Hours
2025-11-29 21:44:00,Magic Shop,BTS,0.28,0.66,21,Night,False,1,Main Character Energy
2025-11-29 21:47:00,Friends,Chase Atlantic,0.08,0.61,21,Night,False,1,Main Character Energy
2025-11-29 21:51:00,NO,Meghan Trainor,0.66,0.8,21,Night,False,2,Villain Arc
2025-11-29 21:55:00,Into It,Chase Atlantic,0.29,0.57,21,Night,False,1,Main Character Energy
2025-11-29 23:15:00,Serendipity,BTS,0.23,0.58,23,Night,False,1,Main Character Energy
2025-11-29 23:22:00,Sunflower,"Post Malone, Swae Lee",0.91,0.48,23,Night,False,2,Villain Arc
2025-11-29 23:26:00,WOKE UP,XG,0.46,0.63,23,Night,False,1,Main Character Energy
2025-11-30 02:44:00,lovely (with Khalid),Billie Eilish,0.12,0.3,2,Late Night,False,0,Sad Gal Hours
2025-11-30 02:51:00,NO,Meghan Trainor,0.66,0.8,2,Late Night,False,2,Villain Arc
2025-11-30 02:58:00,We Don't Talk Anymore,Charlie Puth,0.35,0.56,2,Late Night,False,1,Main Character Energy
2025-11-30 03:02:00,Paradise,Chase Atlantic,0.3,0.8,3,Morning,False,1,Main Character Energy
2025-12-01 12:05:00,All The Stars,Kendrick Lamar,0.55,0.63,12,Afternoon,False,2,Villain Arc
2025-12-01 12:09:00,Barbaad,The Rish,0.28,0.51,12,Afternoon,False,1,Main Character Energy
2025-12-01 15:06:00,supenatural,Ariana Grande,0.52,0.71,15,Afternoon,False,2,Villain Arc
2025-12-01 17:32:00,Promise,Jimin,0.74,0.18,17,Evening,False,0,Sad Gal Hours
2025-12-01 17:39:00,Moonlight,Chase Atlantic,0.14,0.58,17,Evening,False,1,Main Character Energy
2025-12-01 20:53:00,Die With A Smile,Lady Gaga,0.54,0.59,20,Evening,False,2,Villain Arc
2025-12-01 21:00:00,supenatural,Ariana Grande,0.52,0.71,21,Night,False,2,Villain Arc
2025-12-01 21:06:00,Woman,Doja Cat,0.88,0.76,21,Night,False,2,Villain Arc
2025-12-01 21:13:00,Fade Into You,Mazzy Star,0.18,0.33,21,Night,False,0,Sad Gal Hours
2025-12-02 13:01:00,Harleys In Hawaii,Katy Perry,0.72,0.76,13,Afternoon,False,2,Villain Arc
2025-12-02 13:06:00,All The Stars,Kendrick Lamar,0.55,0.63,13,Afternoon,False,2,Villain Arc
2025-12-02 16:19:00,Swim,Chase Atlantic,0.08,0.54,16,Afternoon,False,1,Main Character Energy
2025-12-02 16:23:00,Mantra,JENNIE,0.84,0.73,16,Afternoon,False,2,Villain Arc
2025-12-02 16:30:00,Dirty Work,Aespa,0.63,0.74,16,Afternoon,False,2,Villain Arc
2025-12-02 16:35:00,Attention,Charlie Puth,0.8,0.61,16,Afternoon,False,2,Villain Arc
2025-12-02 16:38:00,Swim,Chase Atlantic,0.08,0.54,16,Afternoon,False,1,Main Character Energy
2025-12-02 16:45:00,Humsafar,Sachet-Parampara,0.53,0.77,16,Afternoon,False,2,Villain Arc
2025-12-02 16:51:00,Attention,Charlie Puth,0.8,0.61,16,Afternoon,False,2,Villain Arc
2025-12-02 16:57:00,Woman,Doja Cat,0.88,0.76,16,Afternoon,False,2,Villain Arc
2025-12-02 17:02:00,luther (with sza),Kendrick Lamar,0.58,0.57,17,Evening,False,2,Villain Arc
2025-12-02 17:07:00,Killin' It Girl,J-Hope,0.8,0.89,17,Evening,False,2,Villain Arc
2025-12-02 17:13:00,Like Jennie,Jennie,0.82,0.74,17,Evening,False,2,Villain Arc
2025-12-02 19:54:00,Harleys In Hawaii,Katy Perry,0.72,0.76,19,Evening,False,2,Villain Arc
2025-12-02 19:58:00,Fade Into You,Mazzy Star,0.18,0.33,19,Evening,False,0,Sad Gal Hours
2025-12-02 21:32:00,Promise,Jimin,0.74,0.18,21,Night,False,0,Sad Gal Hours
2025-12-02 21:37:00,NO,Meghan Trainor,0.66,0.8,21,Night,False,2,Villain Arc
2025-12-03 01:36:00,Arson,J-Hope,0.27,0.8,1,Late Night,False,1,Main Character Energy
2025-12-03 01:42:00,Glimpse of Us,Joji,0.27,0.29,1,Late Night,False,0,Sad Gal Hours
2025-12-03 01:46:00,Brooklyn Baby,Lana Del Rey,0.09,0.66,1,Late Night,False,1,Main Character Energy
2025-12-03 01:52:00,All The Stars,Kendrick Lamar,0.55,0.63,1,Late Night,False,2,Villain Arc
2025-12-04 12:14:00,Love wins all,IU,0.32,0.45,12,Afternoon,False,0,Sad Gal Hours
2025-12-04 12:20:00,Jhol - Acoustic,Maanu,0.52,0.26,12,Afternoon,False,0,Sad Gal Hours
2025-12-04 14:34:00,Promise,Jimin,0.74,0.18,14,Afternoon,False,0,Sad Gal Hours
2025-12-04 17:09:00,Harleys In Hawaii,Katy Perry,0.72,0.76,17,Evening,False,2,Villain Arc
2025-12-04 17:12:00,Woman,Doja Cat,0.88,0.76,17,Evening,False,2,Villain Arc
2025-12-04 17:17:00,Replay,SHINee,0.59,0.78,17,Evening,False,2,Villain Arc
2025-12-04 17:22:00,NO,Meghan Trainor,0.66,0.8,17,Evening,False,2,Villain Arc
2025-12-04 17:26:00,I Like It,Cardi B,0.65,0.73,17,Evening,False,2,Villain Arc
2025-12-04 22:57:00,Love wins all,IU,0.32,0.45,22,Night,False,0,Sad Gal Hours
2025-12-04 23:03:00,lovely (with Khalid),Billie Eilish,0.12,0.3,23,Night,False,0,Sad Gal Hours
2025-12-05 01:59:00,Love wins all,IU,0.32,0.45,1,Late Night,False,0,Sad Gal Hours
2025-12-05 02:04:00,Into It,Chase Atlantic,0.29,0.57,2,Late Night,False,1,Main Character Energy
2025-12-05 02:07:00,Serendipity,BTS,0.23,0.58,2,Late Night,False,1,Main Character Energy
2025-12-05 02:13:00,i wish i hated you,Ariana Grande,0.28,0.24,2,Late Night,False,0,Sad Gal Hours
2025-12-05 13:26:00,All The Stars,Kendrick Lamar,0.55,0.63,13,Afternoon,False,2,Villain Arc
2025-12-05 13:32:00,Humsafar,Sachet-Parampara,0.53,0.77,13,Afternoon,False,2,Villain Arc
2025-12-05 13:39:00,Sunflower,"Post Malone, Swae Lee",0.91,0.48,13,Afternoon,False,2,Villain Arc
2025-12-05 13:42:00,luther (with sza),Kendrick Lamar,0.58,0.57,13,Afternoon,False,2,Villain Arc
2025-12-05 13:46:00,Serendipity,BTS,0.23,0.58,13,Afternoon,False,1,Main Character Energy
2025-12-05 16:24:00,Fantastic Baby,BIGBANG,0.58,0.84,16,Afternoon,False,2,Villain Arc
2025-12-05 16:31:00,Serendipity,BTS,0.23,0.58,16,Afternoon,False,1,Main Character Energy
2025-12-05 16:34:00,Still With You,Jung Kook,0.34,0.47,16,Afternoon,False,0,Sad Gal Hours
2025-12-05 20:36:00,Arson,J-Hope,0.27,0.8,20,Evening,False,1,Main Character Energy
2025-12-05 20:41:00,luther (with sza),Kendrick Lamar,0.58,0.57,20,Evening,False,2,Villain Arc
2025-12-05 20:45:00,Hurts So Good,Astrid S,0.38,0.61,20,Evening,False,1,Main Character Energy
2025-12-05 20:50:00,lovely (with Khalid),Billie Eilish,0.12,0.3,20,Evening,False,0,Sad Gal Hours
2025-12-05 20:56:00,Wildest Dreams,Taylor Swift,0.47,0.67,20,Evening,False,1,Main Character Energy
2025-12-05 21:01:00,i wish i hated you,Ariana Grande,0.28,0.24,21,Night,False,0,Sad Gal Hours
2025-12-05 21:07:00,Woman,Doja Cat,0.88,0.76,21,Night,False,2,Villain Arc
2025-12-05 21:12:00,Fantastic Baby,BIGBANG,0.58,0.84,21,Night,False,2,Villain Arc
2025-12-05 21:17:00,I Wanna Be Yours,Arctic Monkeys,0.48,0.42,21,Night,False,0,Sad Gal Hours
2025-12-05 21:22:00,CHIHIRO,Billie Eilish,0.52,0.43,21,Night,False,0,Sad Gal Hours
2025-12-05 21:27:00,Humsafar,Sachet-Parampara,0.53,0.77,21,Night,False,2,Villain Arc
2025-12-05 21:32:00,ONLY,LeeHi,0.15,0.3,21,Night,False,0,Sad Gal Hours
2025-12-05 21:36:00,WOKE UP,XG,0.46,0.63,21,Night,False,1,Main Character Energy
2025-12-05 21:40:00,Paradise,Chase Atlantic,0.3,0.8,21,Night,False,1,Main Character Energy
2025-12-05 23:58:00,Young and Beautiful,Lana Del Rey,0.15,0.42,23,Night,False,0,Sad Gal Hours
2025-12-06 13:52:00,luther (with sza),Kendrick Lamar,0.58,0.57,13,Afternoon,False,2,Villain Arc
2025-12-06 13:56:00,CHIHIRO,Billie Eilish,0.52,0.43,13,Afternoon,False,0,Sad Gal Hours
2025-12-06 17:51:00,São Paulo,The Weekend,0.55,0.66,17,Evening,False,2,Villain Arc
2025-12-06 21:57:00,FE!N,Travis Scott,0.2,0.88,21,Night,False,1,Main Character Energy
2025-12-07 01:10:00,Dirty Work,Aespa,0.63,0.74,1,Late Night,False,2,Villain Arc
2025-12-08 13:00:00,Woman,Doja Cat,0.88,0.76,13,Afternoon,False,2,Villain Arc
2025-12-08 15:33:00,Woman,Doja Cat,0.88,0.76,15,Afternoon,False,2,Villain Arc
2025-12-08 18:15:00,Barbaad,The Rish,0.28,0.51,18,Evening,False,1,Main Character Energy
2025-12-08 18:20:00,Young and Beautiful,Lana Del Rey,0.15,0.42,18,Evening,False,0,Sad Gal Hours
2025-12-08 18:23:00,Attention,Charlie Puth,0.8,0.61,18,Evening,False,2,Villain Arc
2025-12-08 18:28:00,Apocalypse,Cigarettes After Sex,0.17,0.47,18,Evening,False,0,Sad Gal Hours
2025-12-08 18:33:00,Attention,Charlie Puth,0.8,0.61,18,Evening,False,2,Villain Arc
2025-12-08 18:38:00,Glimpse of Us,Joji,0.27,0.29,18,Evening,False,0,Sad Gal Hours
2025-12-08 18:42:00,Replay,SHINee,0.59,0.78,18,Evening,False,2,Villain Arc
2025-12-08 21:55:00,Shy (eh o),PENOMECO,0.91,0.66,21,Night,False,2,Villain Arc
2025-12-09 00:22:00,Can't Help Falling in Love,Elvis Presley,0.34,0.29,0,Late Night,False,0,Sad Gal Hours
2025-12-09 00:28:00,Mi Gente,J Balvin,0.31,0.69,0,Late Night,False,1,Main Character Energy
2025-12-09 00:33:00,We Don't Talk Anymore,Charlie Puth,0.35,0.56,0,Late Night,False,1,Main Character Energy
2025-12-09 00:38:00,Swim,Chase Atlantic,0.08,0.54,0,Late Night,False,1,Main Character Energy
2025-12-09 00:43:00,I Like It,Cardi B,0.65,0.73,0,Late Night,False,2,Villain Arc
2025-12-09 00:46:00,We Don't Talk Anymore,Charlie Puth,0.35,0.56,0,Late Night,False,1,Main Character Energy
2025-12-09 00:52:00,i wish i hated you,Ariana Grande,0.28,0.24,0,Late Night,False,0,Sad Gal Hours
2025-12-10 12:31:00,Harleys In Hawaii,Katy Perry,0.72,0.76,12,Afternoon,False,2,Villain Arc
2025-12-10 12:34:00,Paradise,Chase Atlantic,0.3,0.8,12,Afternoon,False,1,Main Character Energy
2025-12-10 12:37:00,Woman,Doja Cat,0.88,0.76,12,Afternoon,False,2,Villain Arc
2025-12-10 12:43:00,Attention,NewJeans,0.7,0.65,12,Afternoon,False,2,Villain Arc
2025-12-10 16:00:00,Shy (eh o),PENOMECO,0.91,0.66,16,Afternoon,False,2,Villain Arc
2025-12-10 20:49:00,Glimpse of Us,Joji,0.27,0.29,20,Evening,False,0,Sad Gal Hours
2025-12-10 20:56:00,Serendipity,BTS,0.23,0.58,20,Evening,False,1,Main Character Energy
2025-12-10 21:02:00,pov,Ariana Grande,0.17,0.53,21,Night,False,1,Main Character Energy
2025-12-10 23:39:00,Magic Shop,BTS,0.28,0.66,23,Night,False,1,Main Character Energy
2025-12-10 23:44:00,Woman,Doja Cat,0.88,0.76,23,Night,False,2,Villain Arc
2025-12-10 23:49:00,Glimpse of Us,Joji,0.27,0.29,23,Night,False,0,Sad Gal Hours
2025-12-10 23:55:00,FAKE LOVE,BTS,0.35,0.72,23,Night,False,1,Main Character Energy
2025-12-11 00:00:00,Fade Into You,Mazzy Star,0.18,0.33,0,Late Night,False,0,Sad Gal Hours
2025-12-11 02:43:00,Arson,J-Hope,0.27,0.8,2,Late Night,False,1,Main Character Energy
2025-12-11 02:48:00,Mi Gente,J Balvin,0.31,0.69,2,Late Night,False,1,Main Character Energy
2025-12-11 02:53:00,Fade Into You,Mazzy Star,0.18,0.33,2,Late Night,False,0,Sad Gal Hours
2025-12-11 02:58:00,Style,Taylor Swift,0.46,0.79,2,Late Night,False,1,Main Character Energy
2025-12-11 03:02:00,Apocalypse,Cigarettes After Sex,0.17,0.47,3,Morning,False,0,Sad Gal Hours
2025-12-11 12:25:00,Who,Jimin,0.84,0.76,12,Afternoon,False,2,Villain Arc
2025-12-11 21:44:00,Attention,NewJeans,0.7,0.65,21,Night,False,2,Villain Arc
2025-12-11 21:51:00,WOKE UP,XG,0.46,0.63,21,Night,False,1,Main Character Energy
2025-12-11 21:57:00,Wait On Me,KAI,0.36,0.87,21,Night,False,1,Main Character Energy
2025-12-11 22:04:00,Mi Gente,J Balvin,0.31,0.69,22,Night,False,1,Main Character Energy
2025-12-12 01:41:00,pov,Ariana Grande,0.17,0.53,1,Late Night,False,1,Main Character Energy
2025-12-12 01:45:00,FAKE LOVE,BTS,0.35,0.72,1,Late Night,False,1,Main Character Energy
2025-12-12 01:51:00,Friends,Chase Atlantic,0.08,0.61,1,Late Night,False,1,Main Character Energy
2025-12-12 01:55:00,Killin' It Girl,J-Hope,0.8,0.89,1,Late Night,False,2,Villain Arc
2025-12-12 01:59:00,Swim,Chase Atlantic,0.08,0.54,1,Late Night,False,1,Main Character Energy
2025-12-12 02:04:00,Paper Hearts,Tori Kelly,0.24,0.23,2,Late Night,False,0,Sad Gal Hours
2025-12-12 02:11:00,Into It,Chase Atlantic,0.29,0.57,2,Late Night,False,1,Main Character Energy
2025-12-12 13:10:00,Enduko Emo,Alaap Raju,0.7,0.63,13,Afternoon,False,2,Villain Arc
2025-12-12 13:15:00,Promise,Jimin,0.74,0.18,13,Afternoon,False,0,Sad Gal Hours
2025-12-12 13:19:00,Promise,Jimin,0.74,0.18,13,Afternoon,False,0,Sad Gal Hours
2025-12-12 16:40:00,Hurts So Good,Astrid S,0.38,0.61,16,Afternoon,False,1,Main Character Energy
2025-12-12 19:56:00,Shy (eh o),PENOMECO,0.91,0.66,19,Evening,False,2,Villain Arc
2025-12-12 20:01:00,luther (with sza),Kendrick Lamar,0.58,0.57,20,Evening,False,2,Villain Arc
2025-12-13 01:57:00,lovely (with Khalid),Billie Eilish,0.12,0.3,1,Late Night,False,0,Sad Gal Hours
2025-12-13 02:02:00,Gimme More,Britney Spears,0.38,0.84,2,Late Night,False,1,Main Character Energy
2025-12-13 02:07:00,august,Taylor Swift,0.4,0.62,2,Late Night,False,1,Main Character Energy
2025-12-13 12:47:00,Young and Beautiful,Lana Del Rey,0.15,0.42,12,Afternoon,False,0,Sad Gal Hours
2025-12-13 15:46:00,Jhol - Acoustic,Maanu,0.52,0.26,15,Afternoon,False,0,Sad Gal Hours
2025-12-13 20:53:00,Glimpse of Us,Joji,0.27,0.29,20,Evening,False,0,Sad Gal Hours
2025-12-13 21:00:00,NO,Meghan Trainor,0.66,0.8,21,Night,False,2,Villain Arc
2025-12-13 21:06:00,FE!N,Travis Scott,0.2,0.88,21,Night,False,1,Main Character Energy
2025-12-13 21:10:00,Mi Gente,J Balvin,0.31,0.69,21,Night,False,1,Main Character Energy
2025-12-13 22:40:00,São Paulo,The Weekend,0.55,0.66,22,Night,False,2,Villain Arc
2025-12-13 22:45:00,Humsafar,Sachet-Parampara,0.53,0.77,22,Night,False,2,Villain Arc
2025-12-14 02:55:00,FAKE LOVE,BTS,0.35,0.72,2,Late Night,False,1,Main Character Energy
2025-12-15 12:34:00,Paper Hearts,Tori Kelly,0.24,0.23,12,Afternoon,False,0,Sad Gal Hours
2025-12-15 12:40:00,Into It,Chase Atlantic,0.29,0.57,12,Afternoon,False,1,Main Character Energy
2025-12-15 12:45:00,São Paulo,The Weekend,0.55,0.66,12,Afternoon,False,2,Villain Arc
2025-12-15 12:49:00,Serendipity,BTS,0.23,0.58,12,Afternoon,False,1,Main Character Energy
2025-12-15 12:54:00,Attention,Charlie Puth,0.8,0.61,12,Afternoon,False,2,Villain Arc
2025-12-15 15:32:00,Still With You,Jung Kook,0.34,0.47,15,Afternoon,False,0,Sad Gal Hours
2025-12-15 19:11:00,ONLY,LeeHi,0.15,0.3,19,Evening,False,0,Sad Gal Hours
2025-12-15 19:16:00,luther (with sza),Kendrick Lamar,0.58,0.57,19,Evening,False,2,Villain Arc
2025-12-15 23:10:00,CHIHIRO,Billie Eilish,0.52,0.43,23,Night,False,0,Sad Gal Hours
2025-12-15 23:14:00,Shy (eh o),PENOMECO,0.91,0.66,23,Night,False,2,Villain Arc
2025-12-15 23:21:00,Glimpse of Us,Joji,0.27,0.29,23,Night,False,0,Sad Gal Hours
2025-12-15 23:28:00,Paper Hearts,Tori Kelly,0.24,0.23,23,Night,False,0,Sad Gal Hours
2025-12-15 23:31:00,Shy (eh o),PENOMECO,0.91,0.66,23,Night,False,2,Villain Arc
2025-12-15 23:36:00,Attention,Charlie Puth,0.8,0.61,23,Night,False,2,Villain Arc
2025-12-15 23:41:00,Attention,NewJeans,0.7,0.65,23,Night,False,2,Villain Arc
2025-12-15 23:47:00,Dirty Work,Aespa,0.63,0.74,23,Night,False,2,Villain Arc
2025-12-16 13:15:00,i wish i hated you,Ariana Grande,0.28,0.24,13,Afternoon,False,0,Sad Gal Hours
2025-12-16 17:15:00,CHIHIRO,Billie Eilish,0.52,0.43,17,Evening,False,0,Sad Gal Hours
2025-12-16 17:21:00,Like Jennie,Jennie,0.82,0.74,17,Evening,False,2,Villain Arc
2025-12-16 19:24:00,Barbaad,The Rish,0.28,0.51,19,Evening,False,1,Main Character Energy
2025-12-16 19:29:00,lovely (with Khalid),Billie Eilish,0.12,0.3,19,Evening,False,0,Sad Gal Hours
2025-12-16 23:06:00,Paradise,Chase Atlantic,0.3,0.8,23,Night,False,1,Main Character Energy
2025-12-16 23:11:00,Brooklyn Baby,Lana Del Rey,0.09,0.66,23,Night,False,1,Main Character Energy
2025-12-16 23:15:00,Like Jennie,Jennie,0.82,0.74,23,Night,False,2,Villain Arc
2025-12-16 23:20:00,Into It,Chase Atlantic,0.29,0.57,23,Night,False,1,Main Character Energy
2025-12-17 01:36:00,Into It,Chase Atlantic,0.29,0.57,1,Late Night,False,1,Main Character Energy
2025-12-17 01:41:00,Friends,Chase Atlantic,0.08,0.61,1,Late Night,False,1,Main Character Energy
2025-12-17 12:52:00,Die With A Smile,Lady Gaga,0.54,0.59,12,Afternoon,False,2,Villain Arc
2025-12-17 12:59:00,Woman,Doja Cat,0.88,0.76,12,Afternoon,False,2,Villain Arc
2025-12-17 13:02:00,supenatural,Ariana Grande,0.52,0.71,13,Afternoon,False,2,Villain Arc
2025-12-17 13:06:00,WOKE UP,XG,0.46,0.63,13,Afternoon,False,1,Main Character Energy
2025-12-17 13:10:00,Serendipity,BTS,0.23,0.58,13,Afternoon,False,1,Main Character Energy
2025-12-17 13:14:00,Promise,Jimin,0.74,0.18,13,Afternoon,False,0,Sad Gal Hours
2025-12-17 13:18:00,I Wanna Be Yours,Arctic Monkeys,0.48,0.42,13,Afternoon,False,0,Sad Gal Hours
2025-12-17 13:23:00,WILDFLOWER,Billie Eilish,0.13,0.25,13,Afternoon,False,0,Sad Gal Hours
2025-12-17 16:45:00,All The Stars,Kendrick Lamar,0.55,0.63,16,Afternoon,False,2,Villain Arc
2025-12-17 16:49:00,Attention,Charlie Puth,0.8,0.61,16,Afternoon,False,2,Villain Arc
2025-12-17 18:55:00,WOKE UP,XG,0.46,0.63,18,Evening,False,1,Main Character Energy
2025-12-17 19:02:00,Hurts So Good,Astrid S,0.38,0.61,19,Evening,False,1,Main Character Energy
2025-12-17 19:08:00,Swim,Chase Atlantic,0.08,0.54,19,Evening,False,1,Main Character Energy
2025-12-17 19:12:00,Barbaad,The Rish,0.28,0.51,19,Evening,False,1,Main Character Energy
2025-12-17 19:17:00,supenatural,Ariana Grande,0.52,0.71,19,Evening,False,2,Villain Arc
2025-12-17 19:20:00,Brooklyn Baby,Lana Del Rey,0.09,0.66,19,Evening,False,1,Main Character Energy
2025-12-17 19:24:00,Moonlight,Chase Atlantic,0.14,0.58,19,Evening,False,1,Main Character Energy
2025-12-17 19:29:00,Brooklyn Baby,Lana Del Rey,0.09,0.66,19,Evening,False,1,Main Character Energy
2025-12-17 19:33:00,Replay,SHINee,0.59,0.78,19,Evening,False,2,Villain Arc
2025-12-17 19:36:00,Hurts So Good,Astrid S,0.38,0.61,19,Evening,False,1,Main Character Energy
2025-12-18 01:34:00,Moonlight,Chase Atlantic,0.14,0.58,1,Late Night,False,1,Main Character Energy
2025-12-18 01:40:00,pov,Ariana Grande,0.17,0.53,1,Late Night,False,1,Main Character Energy
2025-12-18 01:47:00,Dirty Work,Aespa,0.63,0.74,1,Late Night,False,2,Villain Arc
2025-12-18 01:53:00,Paradise,Chase Atlantic,0.3,0.8,1,Late Night,False,1,Main Character Energy
2025-12-18 01:57:00,Gimme More,Britney Spears,0.38,0.84,1,Late Night,False,1,Main Character Energy
2025-12-18 02:01:00,FAKE LOVE,BTS,0.35,0.72,2,Late Night,False,1,Main Character Energy
2025-12-18 13:52:00,Enduko Emo,Alaap Raju,0.7,0.63,13,Afternoon,False,2,Villain Arc
2025-12-18 16:47:00,lovely (with Khalid),Billie Eilish,0.12,0.3,16,Afternoon,False,0,Sad Gal Hours
2025-12-18 16:53:00,Fantastic Baby,BIGBANG,0.58,0.84,16,Afternoon,False,2,Villain Arc
2025-12-18 16:58:00,São Paulo,The Weekend,0.55,0.66,16,Afternoon,False,2,Villain Arc
2025-12-18 17:03:00,lovely (with Khalid),Billie Eilish,0.12,0.3,17,Evening,False,0,Sad Gal Hours
2025-12-18 18:38:00,Who,Jimin,0.84,0.76,18,Evening,False,2,Villain Arc
2025-12-18 18:43:00,Like Jennie,Jennie,0.82,0.74,18,Evening,False,2,Villain Arc
2025-12-18 18:50:00,Sunflower,"Post Malone, Swae Lee",0.91,0.48,18,Evening,False,2,Villain Arc
2025-12-18 18:55:00,Woman,Doja Cat,0.88,0.76,18,Evening,False,2,Villain Arc
2025-12-18 18:58:00,pov,Ariana Grande,0.17,0.53,18,Evening,False,1,Main Character Energy
2025-12-18 19:03:00,Paradise,Chase Atlantic,0.3,0.8,19,Evening,False,1,Main Character Energy
2025-12-18 23:32:00,Like Jennie,Jennie,0.82,0.74,23,Night,False,2,Villain Arc
2025-12-18 23:38:00,Paradise,Chase Atlantic,0.3,0.8,23,Night,False,1,Main Character Energy
2025-12-18 23:44:00,Love wins all,IU,0.32,0.45,23,Night,False,0,Sad Gal Hours
2025-12-19 02:16:00,Still With You,Jung Kook,0.34,0.47,2,Late Night,False,0,Sad Gal Hours
2025-12-19 02:22:00,Dirty Work,Aespa,0.63,0.74,2,Late Night,False,2,Villain Arc
2025-12-19 02:26:00,FAKE LOVE,BTS,0.35,0.72,2,Late Night,False,1,Main Character Energy
2025-12-19 02:30:00,Arson,J-Hope,0.27,0.8,2,Late Night,False,1,Main Character Energy
2025-12-19 02:37:00,Barbaad,The Rish,0.28,0.51,2,Late Night,False,1,Main Character Energy
2025-12-20 19:09:00,Attention,Charlie Puth,0.8,0.61,19,Evening,False,2,Villain Arc
2025-12-20 19:12:00,Die With A Smile,Lady Gaga,0.54,0.59,19,Evening,False,2,Villain Arc
2025-12-20 19:17:00,Dirty Work,Aespa,0.63,0.74,19,Evening,False,2,Villain Arc
2025-12-20 19:21:00,ONLY,LeeHi,0.15,0.3,19,Evening,False,0,Sad Gal Hours
2025-12-20 19:26:00,Paper Hearts,Tori Kelly,0.24,0.23,19,Evening,False,0,Sad Gal Hours
2025-12-20 23:46:00,Sunflower,"Post Malone, Swae Lee",0.91,0.48,23,Night,False,2,Villain Arc
2025-12-20 23:52:00,Harleys In Hawaii,Katy Perry,0.72,0.76,23,Night,False,2,Villain Arc
2025-12-22 12:10:00,Love wins all,IU,0.32,0.45,12,Afternoon,False,0,Sad Gal Hours
2025-12-22 12:14:00,All The Stars,Kendrick Lamar,0.55,0.63,12,Afternoon,False,2,Villain Arc
2025-12-22 12:17:00,Sunflower,"Post Malone, Swae Lee",0.91,0.48,12,Afternoon,False,2,Villain Arc
2025-12-22 12:24:00,Like Jennie,Jennie,0.82,0.74,12,Afternoon,False,2,Villain Arc
2025-12-22 14:29:00,Die With A Smile,Lady Gaga,0.54,0.59,14,Afternoon,False,2,Villain Arc
2025-12-22 14:35:00,Apocalypse,Cigarettes After Sex,0.17,0.47,14,Afternoon,False,0,Sad Gal Hours
2025-12-22 14:41:00,Arson,J-Hope,0.27,0.8,14,Afternoon,False,1,Main Character Energy
2025-12-22 14:46:00,Dirty Work,Aespa,0.63,0.74,14,Afternoon,False,2,Villain Arc
2025-12-22 18:27:00,pov,Ariana Grande,0.17,0.53,18,Evening,False,1,Main Character Energy
2025-12-22 18:33:00,Sunflower,"Post Malone, Swae Lee",0.91,0.48,18,Evening,False,2,Villain Arc
2025-12-22 18:40:00,Jhol - Acoustic,Maanu,0.52,0.26,18,Evening,False,0,Sad Gal Hours
2025-12-22 18:46:00,luther (with sza),Kendrick Lamar,0.58,0.57,18,Evening,False,2,Villain Arc
2025-12-22 18:51:00,Moonlight,Chase Atlantic,0.14,0.58,18,Evening,False,1,Main Character Energy
2025-12-22 18:56:00,Dirty Work,Aespa,0.63,0.74,18,Evening,False,2,Villain Arc
2025-12-22 19:02:00,Attention,NewJeans,0.7,0.65,19,Evening,False,2,Villain Arc
2025-12-22 19:07:00,FE!N,Travis Scott,0.2,0.88,19,Evening,False,1,Main Character Energy
2025-12-22 19:13:00,Promise,Jimin,0.74,0.18,19,Evening,False,0,Sad Gal Hours
2025-12-22 22:59:00,Fade Into You,Mazzy Star,0.18,0.33,22,Night,False,0,Sad Gal Hours
2025-12-22 23:05:00,FE!N,Travis Scott,0.2,0.88,23,Night,False,1,Main Character Energy
2025-12-22 23:10:00,All The Stars,Kendrick Lamar,0.55,0.63,23,Night,False,2,Villain Arc
2025-12-22 23:16:00,Style,Taylor Swift,0.46,0.79,23,Night,False,1,Main Character Energy
2025-12-22 23:21:00,Serendipity,BTS,0.23,0.58,23,Night,False,1,Main Character Energy
2025-12-22 23:27:00,i wish i hated you,Ariana Grande,0.28,0.24,23,Night,False,0,Sad Gal Hours
2025-12-22 23:30:00,Into It,Chase Atlantic,0.29,0.57,23,Night,False,1,Main Character Energy
2025-12-22 23:33:00,DAISIES,Justin Bieber,0.48,0.38,23,Night,False,0,Sad Gal Hours
2025-12-23 15:23:00,CHIHIRO,Billie Eilish,0.52,0.43,15,Afternoon,False,0,Sad Gal Hours
2025-12-23 18:17:00,lovely (with Khalid),Billie Eilish,0.12,0.3,18,Evening,False,0,Sad Gal Hours
2025-12-23 19:37:00,Wait On Me,KAI,0.36,0.87,19,Evening,False,1,Main Character Energy
2025-12-23 19:44:00,Glimpse of Us,Joji,0.27,0.29,19,Evening,False,0,Sad Gal Hours
2025-12-23 19:49:00,Hurts So Good,Astrid S,0.38,0.61,19,Evening,False,1,Main Character Energy
2025-12-24 13:51:00,Like Jennie,Jennie,0.82,0.74,13,Afternoon,False,2,Villain Arc
2025-12-24 13:55:00,Into It,Chase Atlantic,0.29,0.57,13,Afternoon,False,1,Main Character Energy
2025-12-24 13:59:00,Replay,SHINee,0.59,0.78,13,Afternoon,False,2,Villain Arc
2025-12-24 14:04:00,Humsafar,Sachet-Parampara,0.53,0.77,14,Afternoon,False,2,Villain Arc
2025-12-24 14:11:00,ONLY,LeeHi,0.15,0.3,14,Afternoon,False,0,Sad Gal Hours
2025-12-24 14:17:00,Chemtrails Over The Country Club,Lana Del Rey,0.43,0.28,14,Afternoon,False,0,Sad Gal Hours
2025-12-24 14:23:00,Sunflower,"Post Malone, Swae Lee",0.91,0.48,14,Afternoon,False,2,Villain Arc
2025-12-24 17:03:00,Paper Hearts,Tori Kelly,0.24,0.23,17,Evening,False,0,Sad Gal Hours
2025-12-24 17:08:00,i wish i hated you,Ariana Grande,0.28,0.24,17,Evening,False,0,Sad Gal Hours
2025-12-24 17:15:00,luther (with sza),Kendrick Lamar,0.58,0.57,17,Evening,False,2,Villain Arc
2025-12-24 20:22:00,Sunflower,"Post Malone, Swae Lee",0.91,0.48,20,Evening,False,2,Villain Arc
2025-12-24 20:27:00,supenatural,Ariana Grande,0.52,0.71,20,Evening,False,2,Villain Arc
2025-12-24 23:41:00,Can't Help Falling in Love,Elvis Presley,0.34,0.29,23,Night,False,0,Sad Gal Hours
2025-12-24 23:47:00,Paper Hearts,Tori Kelly,0.24,0.23,23,Night,False,0,Sad Gal Hours
2025-12-24 23:50:00,CHIHIRO,Billie Eilish,0.52,0.43,23,Night,False,0,Sad Gal Hours
2025-12-24 23:54:00,Swim,Chase Atlantic,0.08,0.54,23,Night,False,1,Main Character Energy
2025-12-24 23:59:00,Paradise,Chase Atlantic,0.3,0.8,23,Night,False,1,Main Character Energy
2025-12-25 00:02:00,WILDFLOWER,Billie Eilish,0.13,0.25,0,Late Night,False,0,Sad Gal Hours
2025-12-25 00:06:00,Hurts So Good,Astrid S,0.38,0.61,0,Late Night,False,1,Main Character Energy
2025-12-25 00:11:00,i wish i hated you,Ariana Grande,0.28,0.24,0,Late Night,False,0,Sad Gal Hours
2025-12-25 00:16:00,Can't Help Falling in Love,Elvis Presley,0.34,0.29,0,Late Night,False,0,Sad Gal Hours
2025-12-25 00:20:00,Sunflower,"Post Malone, Swae Lee",0.91,0.48,0,Late Night,False,2,Villain Arc
2025-12-25 00:26:00,Friends,Chase Atlantic,0.08,0.61,0,Late Night,False,1,Main Character Energy
2025-12-25 02:53:00,Arson,J-Hope,0.27,0.8,2,Late Night,False,1,Main Character Energy
2025-12-25 02:57:00,Arson,J-Hope,0.27,0.8,2,Late Night,False,1,Main Character Energy
2025-12-25 03:02:00,FAKE LOVE,BTS,0.35,0.72,3,Morning,False,1,Main Character Energy
2025-12-26 12:08:00,Attention,NewJeans,0.7,0.65,12,Afternoon,False,2,Villain Arc
2025-12-26 13:54:00,Brooklyn Baby,Lana Del Rey,0.09,0.66,13,Afternoon,False,1,Main Character Energy
2025-12-26 13:58:00,NO,Meghan Trainor,0.66,0.8,13,Afternoon,False,2,Villain Arc
2025-12-26 16:15:00,Woman,Doja Cat,0.88,0.76,16,Afternoon,False,2,Villain Arc
2025-12-26 16:19:00,pov,Ariana Grande,0.17,0.53,16,Afternoon,False,1,Main Character Energy
2025-12-26 20:20:00,DAISIES,Justin Bieber,0.48,0.38,20,Evening,False,0,Sad Gal Hours
2025-12-26 20:26:00,lovely (with Khalid),Billie Eilish,0.12,0.3,20,Evening,False,0,Sad Gal Hours
2025-12-26 22:13:00,Dirty Work,Aespa,0.63,0.74,22,Night,False,2,Villain Arc
2025-12-27 02:35:00,ONLY,LeeHi,0.15,0.3,2,Late Night,False,0,Sad Gal Hours
2025-12-28 15:31:00,Like Jennie,Jennie,0.82,0.74,15,Afternoon,False,2,Villain Arc
2025-12-28 17:17:00,Swim,Chase Atlantic,0.08,0.54,17,Evening,False,1,Main Character Energy
2025-12-28 17:20:00,Young and Beautiful,Lana Del Rey,0.15,0.42,17,Evening,False,0,Sad Gal Hours
2025-12-28 17:24:00,i wish i hated you,Ariana Grande,0.28,0.24,17,Evening,False,0,Sad Gal Hours
2025-12-28 17:27:00,Promise,Jimin,0.74,0.18,17,Evening,False,0,Sad Gal Hours
2025-12-28 19:42:00,Wildest Dreams,Taylor Swift,0.47,0.67,19,Evening,False,1,Main Character Energy
2025-12-28 19:48:00,Brooklyn Baby,Lana Del Rey,0.09,0.66,19,Evening,False,1,Main Character Energy
2025-12-28 21:07:00,CHIHIRO,Billie Eilish,0.52,0.43,21,Night,False,0,Sad Gal Hours
2025-12-28 21:12:00,Hurts So Good,Astrid S,0.38,0.61,21,Night,False,1,Main Character Energy
2025-12-28 22:50:00,Sunflower,"Post Malone, Swae Lee",0.91,0.48,22,Night,False,2,Villain Arc
2025-12-28 22:57:00,Style,Taylor Swift,0.46,0.79,22,Night,False,1,Main Character Energy
2025-12-29 00:30:00,FE!N,Travis Scott,0.2,0.88,0,Late Night,False,1,Main Character Energy
2025-12-29 00:35:00,pov,Ariana Grande,0.17,0.53,0,Late Night,False,1,Main Character Energy
2025-12-29 00:39:00,Hurts So Good,Astrid S,0.38,0.61,0,Late Night,False,1,Main Character Energy
2025-12-29 00:43:00,NO,Meghan Trainor,0.66,0.8,0,Late Night,False,2,Villain Arc
2025-12-29 00:47:00,Arson,J-Hope,0.27,0.8,0,Late Night,False,1,Main Character Energy
2025-12-29 00:53:00,Friends,Chase Atlantic,0.08,0.61,0,Late Night,False,1,Main Character Energy
2025-12-29 00:58:00,Gimme More,Britney Spears,0.38,0.84,0,Late Night,False,1,Main Character Energy
2025-12-29 01:02:00,Fade Into You,Mazzy Star,0.18,0.33,1,Late Night,False,0,Sad Gal Hours
2025-12-29 01:06:00,Moonlight,Chase Atlantic,0.14,0.58,1,Late Night,False,1,Main Character Energy
2025-12-29 01:12:00,Wait On Me,KAI,0.36,0.87,1,Late Night,False,1,Main Character Energy
2025-12-29 01:15:00,Love wins all,IU,0.32,0.45,1,Late Night,False,0,Sad Gal Hours
2025-12-29 01:19:00,We Don't Talk Anymore,Charlie Puth,0.35,0.56,1,Late Night,False,1,Main Character Energy
2025-12-29 01:24:00,I Wanna Be Yours,Arctic Monkeys,0.48,0.42,1,Late Night,False,0,Sad Gal Hours
2025-12-29 01:29:00,Swim,Chase Atlantic,0.08,0.54,1,Late Night,False,1,Main Character Energy
2025-12-29 01:33:00,Love wins all,IU,0.32,0.45,1,Late Night,False,0,Sad Gal Hours
2025-12-29 01:37:00,ONLY,LeeHi,0.15,0.3,1,Late Night,False,0,Sad Gal Hours
2025-12-29 01:42:00,Can't Help Falling in Love,Elvis Presley,0.34,0.29,1,Late Night,False,0,Sad Gal Hours
2025-12-29 13:19:00,São Paulo,The Weekend,0.55,0.66,13,Afternoon,False,2,Villain Arc
2025-12-29 13:23:00,Mantra,JENNIE,0.84,0.73,13,Afternoon,False,2,Villain Arc
2025-12-29 13:28:00,Die With A Smile,Lady Gaga,0.54,0.59,13,Afternoon,False,2,Villain Arc
2025-12-29 15:57:00,Arson,J-Hope,0.27,0.8,15,Afternoon,False,1,Main Character Energy
2025-12-29 17:52:00,Killin' It Girl,J-Hope,0.8,0.89,17,Evening,False,2,Villain Arc
2025-12-29 17:57:00,Fantastic Baby,BIGBANG,0.58,0.84,17,Evening,False,2,Villain Arc
2025-12-29 18:03:00,Enduko Emo,Alaap Raju,0.7,0.63,18,Evening,False,2,Villain Arc
2025-12-29 20:07:00,Wildest Dreams,Taylor Swift,0.47,0.67,20,Evening,False,1,Main Character Energy
2025-12-29 20:11:00,DAISIES,Justin Bieber,0.48,0.38,20,Evening,False,0,Sad Gal Hours
2025-12-29 20:14:00,Young and Beautiful,Lana Del Rey,0.15,0.42,20,Evening,False,0,Sad Gal Hours
2025-12-29 20:18:00,Can't Help Falling in Love,Elvis Presley,0.34,0.29,20,Evening,False,0,Sad Gal Hours
2025-12-29 20:23:00,Barbaad,The Rish,0.28,0.51,20,Evening,False,1,Main Character Energy
2025-12-30 12:38:00,Die With A Smile,Lady Gaga,0.54,0.59,12,Afternoon,False,2,Villain Arc
2025-12-30 15:02:00,Serendipity,BTS,0.23,0.58,15,Afternoon,False,1,Main Character Energy
2025-12-30 15:07:00,Humsafar,Sachet-Parampara,0.53,0.77,15,Afternoon,False,2,Villain Arc
2025-12-30 15:12:00,Jhol - Acoustic,Maanu,0.52,0.26,15,Afternoon,False,0,Sad Gal Hours
2025-12-30 17:28:00,Love wins all,IU,0.32,0.45,17,Evening,False,0,Sad Gal Hours
2025-12-30 17:33:00,I Like It,Cardi B,0.65,0.73,17,Evening,False,2,Villain Arc
2025-12-30 20:02:00,august,Taylor Swift,0.4,0.62,20,Evening,False,1,Main Character Energy
2025-12-30 20:06:00,lovely (with Khalid),Billie Eilish,0.12,0.3,20,Evening,False,0,Sad Gal Hours
2025-12-30 20:10:00,Sunflower,"Post Malone, Swae Lee",0.91,0.48,20,Evening,False,2,Villain Arc
2025-12-30 20:15:00,Humsafar,Sachet-Parampara,0.53,0.77,20,Evening,False,2,Villain Arc
2025-12-31 00:18:00,Wait On Me,KAI,0.36,0.87,0,Late Night,False,1,Main Character Energy
2025-12-31 00:21:00,We Don't Talk Anymore,Charlie Puth,0.35,0.56,0,Late Night,False,1,Main Character Energy
2025-12-31 00:27:00,FAKE LOVE,BTS,0.35,0.72,0,Late Night,False,1,Main Character Energy
2025-12-31 00:31:00,Swim,Chase Atlantic,0.08,0.54,0,Late Night,False,1,Main Character Energy
2025-12-31 15:09:00,Mantra,JENNIE,0.84,0.73,15,Afternoon,False,2,Villain Arc
2025-12-31 15:13:00,Humsafar,Sachet-Parampara,0.53,0.77,15,Afternoon,False,2,Villain Arc
2025-12-31 15:19:00,Style,Taylor Swift,0.46,0.79,15,Afternoon,False,1,Main Character Energy
2025-12-31 15:25:00,Replay,SHINee,0.59,0.78,15,Afternoon,False,2,Villain Arc
2025-12-31 15:30:00,FAKE LOVE,BTS,0.35,0.72,15,Afternoon,False,1,Main Character Energy
2025-12-31 15:34:00,Gimme More,Britney Spears,0.38,0.84,15,Afternoon,False,1,Main Character Energy
2025-12-31 18:23:00,Style,Taylor Swift,0.46,0.79,18,Evening,False,1,Main Character Energy
2025-12-31 20:13:00,Promise,Jimin,0.74,0.18,20,Evening,False,0,Sad Gal Hours
2025-12-31 20:20:00,Hurts So Good,Astrid S,0.38,0.61,20,Evening,False,1,Main Character Energy
2025-12-31 20:26:00,Young and Beautiful,Lana Del Rey,0.15,0.42,20,Evening,False,0,Sad Gal Hours
2025-12-31 20:30:00,Still With You,Jung Kook,0.34,0.47,20,Evening,False,0,Sad Gal Hours
2025-12-31 20:33:00,Enduko Emo,Alaap Raju,0.7,0.63,20,Evening,False,2,Villain Arc
2025-12-31 20:38:00,Attention,NewJeans,0.7,0.65,20,Evening,False,2,Villain Arc
2025-12-31 20:44:00,Killin' It Girl,J-Hope,0.8,0.89,20,Evening,False,2,Villain Arc
2025-12-31 20:51:00,Attention,Charlie Puth,0.8,0.61,20,Evening,False,2,Villain Arc
2025-12-31 20:55:00,Barbaad,The Rish,0.28,0.51,20,Evening,False,1,Main Character Energy
2025-12-31 21:02:00,WOKE UP,XG,0.46,0.63,21,Night,False,1,Main Character Energy
2025-12-31 21:09:00,Young and Beautiful,Lana Del Rey,0.15,0.42,21,Night,False,0,Sad Gal Hours
2025-12-31 21:14:00,lovely (with Khalid),Billie Eilish,0.12,0.3,21,Night,False,0,Sad Gal Hours
2025-12-31 21:19:00,We Don't Talk Anymore,Charlie Puth,0.35,0.56,21,Night,False,1,Main Character Energy
2025-12-31 21:23:00,Swim,Chase Atlantic,0.08,0.54,21,Night,False,1,Main Character Energy
2025-12-31 21:30:00,Woman,Doja Cat,0.88,0.76,21,Night,False,2,Villain Arc
2025-12-31 21:35:00,All The Stars,Kendrick Lamar,0.55,0.63,21,Night,False,2,Villain Arc
2025-12-31 21:42:00,DAISIES,Justin Bieber,0.48,0.38,21,Night,False,0,Sad Gal Hours
2026-01-01 12:34:00,i wish i hated you,Ariana Grande,0.28,0.24,12,Afternoon,False,0,Sad Gal Hours
2026-01-01 15:03:00,Jhol - Acoustic,Maanu,0.52,0.26,15,Afternoon,False,0,Sad Gal Hours
2026-01-01 21:50:00,Swim,Chase Atlantic,0.08,0.54,21,Night,False,1,Main Character Energy
2026-01-01 21:53:00,Humsafar,Sachet-Parampara,0.53,0.77,21,Night,False,2,Villain Arc
2026-01-01 21:59:00,Into It,Chase Atlantic,0.29,0.57,21,Night,False,1,Main Character Energy
2026-01-01 22:04:00,lovely (with Khalid),Billie Eilish,0.12,0.3,22,Night,False,0,Sad Gal Hours
2026-01-02 13:45:00,All The Stars,Kendrick Lamar,0.55,0.63,13,Afternoon,False,2,Villain Arc
2026-01-02 16:30:00,luther (with sza),Kendrick Lamar,0.58,0.57,16,Afternoon,False,2,Villain Arc
2026-01-02 16:35:00,NO,Meghan Trainor,0.66,0.8,16,Afternoon,False,2,Villain Arc
2026-01-02 16:41:00,Jhol - Acoustic,Maanu,0.52,0.26,16,Afternoon,False,0,Sad Gal Hours
2026-01-02 16:47:00,Like Jennie,Jennie,0.82,0.74,16,Afternoon,False,2,Villain Arc
2026-01-02 16:52:00,Swim,Chase Atlantic,0.08,0.54,16,Afternoon,False,1,Main Character Energy
2026-01-02 16:55:00,Like Jennie,Jennie,0.82,0.74,16,Afternoon,False,2,Villain Arc
2026-01-02 16:58:00,Barbaad,The Rish,0.28,0.51,16,Afternoon,False,1,Main Character Energy
2026-01-02 20:25:00,Gimme More,Britney Spears,0.38,0.84,20,Evening,False,1,Main Character Energy
2026-01-02 20:30:00,WOKE UP,XG,0.46,0.63,20,Evening,False,1,Main Character Energy
2026-01-02 20:37:00,NO,Meghan Trainor,0.66,0.8,20,Evening,False,2,Villain Arc
2026-01-03 00:17:00,Love wins all,IU,0.32,0.45,0,Late Night,False,0,Sad Gal Hours
2026-01-03 00:24:00,Hurts So Good,Astrid S,0.38,0.61,0,Late Night,False,1,Main Character Energy
2026-01-03 00:28:00,Still With You,Jung Kook,0.34,0.47,0,Late Night,False,0,Sad Gal Hours
2026-01-03 00:31:00,Mi Gente,J Balvin,0.31,0.69,0,Late Night,False,1,Main Character Energy
2026-01-03 00:36:00,pov,Ariana Grande,0.17,0.53,0,Late Night,False,1,Main Character Energy
2026-01-03 00:40:00,Serendipity,BTS,0.23,0.58,0,Late Night,False,1,Main Character Energy
2026-01-03 01:59:00,ONLY,LeeHi,0.15,0.3,1,Late Night,False,0,Sad Gal Hours
2026-01-03 02:05:00,Still With You,Jung Kook,0.34,0.47,2,Late Night,False,0,Sad Gal Hours
2026-01-03 02:11:00,Friends,Chase Atlantic,0.08,0.61,2,Late Night,False,1,Main Character Energy
2026-01-03 02:16:00,Glimpse of Us,Joji,0.27,0.29,2,Late Night,False,0,Sad Gal Hours
2026-01-03 02:19:00,Die With A Smile,Lady Gaga,0.54,0.59,2,Late Night,False,2,Villain Arc
2026-01-04 12:25:00,pov,Ariana Grande,0.17,0.53,12,Afternoon,False,1,Main Character Energy
2026-01-04 12:31:00,Who,Jimin,0.84,0.76,12,Afternoon,False,2,Villain Arc
2026-01-04 12:36:00,Apocalypse,Cigarettes After Sex,0.17,0.47,12,Afternoon,False,0,Sad Gal Hours
2026-01-04 12:39:00,supenatural,Ariana Grande,0.52,0.71,12,Afternoon,False,2,Villain Arc
2026-01-04 12:45:00,Enduko Emo,Alaap Raju,0.7,0.63,12,Afternoon,False,2,Villain Arc
2026-01-04 12:50:00,Mantra,JENNIE,0.84,0.73,12,Afternoon,False,2,Villain Arc
2026-01-04 12:53:00,All The Stars,Kendrick Lamar,0.55,0.63,12,Afternoon,False,2,Villain Arc
2026-01-04 15:17:00,Glimpse of Us,Joji,0.27,0.29,15,Afternoon,False,0,Sad Gal Hours
2026-01-04 15:20:00,We Don't Talk Anymore,Charlie Puth,0.35,0.56,15,Afternoon,False,1,Main Character Energy
2026-01-04 15:25:00,Attention,NewJeans,0.7,0.65,15,Afternoon,False,2,Villain Arc
2026-01-04 15:28:00,FAKE LOVE,BTS,0.35,0.72,15,Afternoon,False,1,Main Character Energy
2026-01-04 15:33:00,pov,Ariana Grande,0.17,0.53,15,Afternoon,False,1,Main Character Energy
2026-01-04 15:39:00,Replay,SHINee,0.59,0.78,15,Afternoon,False,2,Villain Arc
2026-01-04 19:48:00,pov,Ariana Grande,0.17,0.53,19,Evening,False,1,Main Character Energy
2026-01-04 19:55:00,Moonlight,Chase Atlantic,0.14,0.58,19,Evening,False,1,Main Character Energy
2026-01-04 19:58:00,Still With You,Jung Kook,0.34,0.47,19,Evening,False,0,Sad Gal Hours
2026-01-04 20:03:00,Like Jennie,Jennie,0.82,0.74,20,Evening,False,2,Villain Arc
2026-01-04 20:09:00,Dirty Work,Aespa,0.63,0.74,20,Evening,False,2,Villain Arc
2026-01-04 20:14:00,Young and Beautiful,Lana Del Rey,0.15,0.42,20,Evening,False,0,Sad Gal Hours
2026-01-04 20:19:00,supenatural,Ariana Grande,0.52,0.71,20,Evening,False,2,Villain Arc
2026-01-04 20:24:00,Who,Jimin,0.84,0.76,20,Evening,False,2,Villain Arc
2026-01-04 20:27:00,Young and Beautiful,Lana Del Rey,0.15,0.42,20,Evening,False,0,Sad Gal Hours
2026-01-04 20:30:00,ONLY,LeeHi,0.15,0.3,20,Evening,False,0,Sad Gal Hours
2026-01-04 20:35:00,Enduko Emo,Alaap Raju,0.7,0.63,20,Evening,False,2,Villain Arc
2026-01-04 20:41:00,Apocalypse,Cigarettes After Sex,0.17,0.47,20,Evening,False,0,Sad Gal Hours
2026-01-04 20:44:00,Dirty Work,Aespa,0.63,0.74,20,Evening,False,2,Villain Arc
2026-01-04 20:49:00,Attention,NewJeans,0.7,0.65,20,Evening,False,2,Villain Arc
2026-01-04 20:56:00,Attention,Charlie Puth,0.8,0.61,20,Evening,False,2,Villain Arc
2026-01-04 22:18:00,Die With A Smile,Lady Gaga,0.54,0.59,22,Night,False,2,Villain Arc
2026-01-04 22:22:00,FE!N,Travis Scott,0.2,0.88,22,Night,False,1,Main Character Energy
2026-01-04 22:28:00,Friends,Chase Atlantic,0.08,0.61,22,Night,False,1,Main Character Energy
2026-01-05 00:49:00,Young and Beautiful,Lana Del Rey,0.15,0.42,0,Late Night,False,0,Sad Gal Hours
2026-01-06 15:03:00,São Paulo,The Weekend,0.55,0.66,15,Afternoon,False,2,Villain Arc
2026-01-06 15:07:00,lovely (with Khalid),Billie Eilish,0.12,0.3,15,Afternoon,False,0,Sad Gal Hours
2026-01-06 15:12:00,Woman,Doja Cat,0.88,0.76,15,Afternoon,False,2,Villain Arc
2026-01-06 15:18:00,Apocalypse,Cigarettes After Sex,0.17,0.47,15,Afternoon,False,0,Sad Gal Hours
2026-01-06 17:14:00,Shy (eh o),PENOMECO,0.91,0.66,17,Evening,False,2,Villain Arc
2026-01-06 17:18:00,Killin' It Girl,J-Hope,0.8,0.89,17,Evening,False,2,Villain Arc
2026-01-06 17:23:00,Jhol - Acoustic,Maanu,0.52,0.26,17,Evening,False,0,Sad Gal Hours
2026-01-06 17:30:00,Shy (eh o),PENOMECO,0.91,0.66,17,Evening,False,2,Villain Arc
2026-01-06 17:35:00,FAKE LOVE,BTS,0.35,0.72,17,Evening,False,1,Main Character Energy
2026-01-06 17:41:00,Killin' It Girl,J-Hope,0.8,0.89,17,Evening,False,2,Villain Arc
2026-01-06 21:02:00,luther (with sza),Kendrick Lamar,0.58,0.57,21,Night,False,2,Villain Arc
2026-01-06 23:32:00,Fade Into You,Mazzy Star,0.18,0.33,23,Night,False,0,Sad Gal Hours
2026-01-07 15:46:00,Arson,J-Hope,0.27,0.8,15,Afternoon,False,1,Main Character Energy
2026-01-07 15:50:00,Sunflower,"Post Malone, Swae Lee",0.91,0.48,15,Afternoon,False,2,Villain Arc
2026-01-07 15:55:00,Humsafar,Sachet-Parampara,0.53,0.77,15,Afternoon,False,2,Villain Arc
2026-01-07 15:59:00,Like Jennie,Jennie,0.82,0.74,15,Afternoon,False,2,Villain Arc
2026-01-07 16:05:00,Paper Hearts,Tori Kelly,0.24,0.23,16,Afternoon,False,0,Sad Gal Hours
2026-01-07 16:09:00,Die With A Smile,Lady Gaga,0.54,0.59,16,Afternoon,False,2,Villain Arc
2026-01-07 16:14:00,São Paulo,The Weekend,0.55,0.66,16,Afternoon,False,2,Villain Arc
2026-01-07 16:18:00,CHIHIRO,Billie Eilish,0.52,0.43,16,Afternoon,False,0,Sad Gal Hours
2026-01-07 16:24:00,Attention,NewJeans,0.7,0.65,16,Afternoon,False,2,Villain Arc
2026-01-07 16:27:00,Mantra,JENNIE,0.84,0.73,16,Afternoon,False,2,Villain Arc
2026-01-07 16:32:00,Shy (eh o),PENOMECO,0.91,0.66,16,Afternoon,False,2,Villain Arc
2026-01-07 16:35:00,Die With A Smile,Lady Gaga,0.54,0.59,16,Afternoon,False,2,Villain Arc
2026-01-07 17:52:00,Wait On Me,KAI,0.36,0.87,17,Evening,False,1,Main Character Energy
2026-01-07 21:05:00,Enduko Emo,Alaap Raju,0.7,0.63,21,Night,False,2,Villain Arc
2026-01-07 21:09:00,Who,Jimin,0.84,0.76,21,Night,False,2,Villain Arc
2026-01-07 21:14:00,Fade Into You,Mazzy Star,0.18,0.33,21,Night,False,0,Sad Gal Hours
2026-01-07 21:17:00,Into It,Chase Atlantic,0.29,0.57,21,Night,False,1,Main Character Energy
2026-01-07 21:24:00,Replay,SHINee,0.59,0.78,21,Night,False,2,Villain Arc
2026-01-07 22:55:00,Barbaad,The Rish,0.28,0.51,22,Night,False,1,Main Character Energy
2026-01-07 23:00:00,Sunflower,"Post Malone, Swae Lee",0.91,0.48,23,Night,False,2,Villain Arc
2026-01-07 23:06:00,Attention,NewJeans,0.7,0.65,23,Night,False,2,Villain Arc
2026-01-07 23:12:00,Dirty Work,Aespa,0.63,0.74,23,Night,False,2,Villain Arc
2026-01-07 23:16:00,Fade Into You,Mazzy Star,0.18,0.33,23,Night,False,0,Sad Gal Hours
2026-01-07 23:23:00,CHIHIRO,Billie Eilish,0.52,0.43,23,Night,False,0,Sad Gal Hours
2026-01-07 23:28:00,Mi Gente,J Balvin,0.31,0.69,23,Night,False,1,Main Character Energy
2026-01-07 23:31:00,Love wins all,IU,0.32,0.45,23,Night,False,0,Sad Gal Hours
2026-01-07 23:37:00,Gimme More,Britney Spears,0.38,0.84,23,Night,False,1,Main Character Energy
2026-01-07 23:41:00,i wish i hated you,Ariana Grande,0.28,0.24,23,Night,False,0,Sad Gal Hours
2026-01-07 23:44:00,Style,Taylor Swift,0.46,0.79,23,Night,False,1,Main Character Energy
2026-01-07 23:49:00,Arson,J-Hope,0.27,0.8,23,Night,False,1,Main Character Energy
2026-01-07 23:56:00,Magic Shop,BTS,0.28,0.66,23,Night,False,1,Main Character Energy
2026-01-08 00:02:00,Into It,Chase Atlantic,0.29,0.57,0,Late Night,False,1,Main Character Energy
2026-01-08 00:09:00,Love wins all,IU,0.32,0.45,0,Late Night,False,0,Sad Gal Hours
2026-01-08 00:14:00,ONLY,LeeHi,0.15,0.3,0,Late Night,False,0,Sad Gal Hours
2026-01-08 00:17:00,FAKE LOVE,BTS,0.35,0.72,0,Late Night,False,1,Main Character Energy
2026-01-08 00:21:00,Can't Help Falling in Love,Elvis Presley,0.34,0.29,0,Late Night,False,0,Sad Gal Hours
2026-01-08 00:27:00,We Don't Talk Anymore,Charlie Puth,0.35,0.56,0,Late Night,False,1,Main Character Energy
2026-01-08 15:02:00,Chemtrails Over The Country Club,Lana Del Rey,0.43,0.28,15,Afternoon,False,0,Sad Gal Hours
2026-01-08 15:08:00,lovely (with Khalid),Billie Eilish,0.12,0.3,15,Afternoon,False,0,Sad Gal Hours
2026-01-08 17:23:00,WILDFLOWER,Billie Eilish,0.13,0.25,17,Evening,False,0,Sad Gal Hours
2026-01-08 17:30:00,Can't Help Falling in Love,Elvis Presley,0.34,0.29,17,Evening,False,0,Sad Gal Hours
2026-01-08 20:09:00,Harleys In Hawaii,Katy Perry,0.72,0.76,20,Evening,False,2,Villain Arc
2026-01-08 20:12:00,NO,Meghan Trainor,0.66,0.8,20,Evening,False,2,Villain Arc
2026-01-08 22:50:00,Sunflower,"Post Malone, Swae Lee",0.91,0.48,22,Night,False,2,Villain Arc
2026-01-09 00:53:00,Into It,Chase Atlantic,0.29,0.57,0,Late Night,False,1,Main Character Energy
2026-01-09 00:58:00,FE!N,Travis Scott,0.2,0.88,0,Late Night,False,1,Main Character Energy
2026-01-09 01:02:00,Gimme More,Britney Spears,0.38,0.84,1,Late Night,False,1,Main Character Energy
2026-01-09 01:06:00,Mi Gente,J Balvin,0.31,0.69,1,Late Night,False,1,Main Character Energy
2026-01-09 01:12:00,Hurts So Good,Astrid S,0.38,0.61,1,Late Night,False,1,Main Character Energy
2026-01-10 14:11:00,Promise,Jimin,0.74,0.18,14,Afternoon,False,0,Sad Gal Hours
2026-01-10 14:17:00,supenatural,Ariana Grande,0.52,0.71,14,Afternoon,False,2,Villain Arc
2026-01-10 19:40:00,WILDFLOWER,Billie Eilish,0.13,0.25,19,Evening,False,0,Sad Gal Hours
2026-01-10 19:46:00,Die With A Smile,Lady Gaga,0.54,0.59,19,Evening,False,2,Villain Arc
2026-01-10 19:51:00,august,Taylor Swift,0.4,0.62,19,Evening,False,1,Main Character Energy
2026-01-10 19:55:00,Jhol - Acoustic,Maanu,0.52,0.26,19,Evening,False,0,Sad Gal Hours
2026-01-10 22:42:00,CHIHIRO,Billie Eilish,0.52,0.43,22,Night,False,0,Sad Gal Hours
2026-01-10 22:46:00,Promise,Jimin,0.74,0.18,22,Night,False,0,Sad Gal Hours
2026-01-11 00:51:00,ONLY,LeeHi,0.15,0.3,0,Late Night,False,0,Sad Gal Hours
2026-01-11 00:58:00,Love wins all,IU,0.32,0.45,0,Late Night,False,0,Sad Gal Hours
2026-01-11 02:49:00,Apocalypse,Cigarettes After Sex,0.17,0.47,2,Late Night,False,0,Sad Gal Hours
2026-01-11 02:55:00,Arson,J-Hope,0.27,0.8,2,Late Night,False,1,Main Character Energy
2026-01-11 13:40:00,Who,Jimin,0.84,0.76,13,Afternoon,False,2,Villain Arc
2026-01-11 13:45:00,Jhol - Acoustic,Maanu,0.52,0.26,13,Afternoon,False,0,Sad Gal Hours
2026-01-11 17:06:00,Friends,Chase Atlantic,0.08,0.61,17,Evening,False,1,Main Character Energy
2026-01-11 19:46:00,Still With You,Jung Kook,0.34,0.47,19,Evening,False,0,Sad Gal Hours
2026-01-11 19:49:00,Mi Gente,J Balvin,0.31,0.69,19,Evening,False,1,Main Character Energy
2026-01-11 19:54:00,I Like It,Cardi B,0.65,0.73,19,Evening,False,2,Villain Arc
2026-01-11 21:14:00,Attention,Charlie Puth,0.8,0.61,21,Night,False,2,Villain Arc
2026-01-11 23:21:00,Jhol - Acoustic,Maanu,0.52,0.26,23,Night,False,0,Sad Gal Hours
2026-01-11 23:25:00,I Like It,Cardi B,0.65,0.73,23,Night,False,2,Villain Arc
2026-01-11 23:29:00,Wait On Me,KAI,0.36,0.87,23,Night,False,1,Main Character Energy
2026-01-12 13:01:00,Promise,Jimin,0.74,0.18,13,Afternoon,False,0,Sad Gal Hours
2026-01-12 14:45:00,NO,Meghan Trainor,0.66,0.8,14,Afternoon,False,2,Villain Arc
2026-01-12 14:49:00,Fantastic Baby,BIGBANG,0.58,0.84,14,Afternoon,False,2,Villain Arc
2026-01-12 17:37:00,lovely (with Khalid),Billie Eilish,0.12,0.3,17,Evening,False,0,Sad Gal Hours
2026-01-12 19:25:00,DAISIES,Justin Bieber,0.48,0.38,19,Evening,False,0,Sad Gal Hours
2026-01-12 21:18:00,Dirty Work,Aespa,0.63,0.74,21,Night,False,2,Villain Arc
2026-01-12 21:23:00,WOKE UP,XG,0.46,0.63,21,Night,False,1,Main Character Energy
2026-01-13 12:39:00,Fantastic Baby,BIGBANG,0.58,0.84,12,Afternoon,False,2,Villain Arc
2026-01-13 12:44:00,CHIHIRO,Billie Eilish,0.52,0.43,12,Afternoon,False,0,Sad Gal Hours
2026-01-13 12:50:00,ONLY,LeeHi,0.15,0.3,12,Afternoon,False,0,Sad Gal Hours
2026-01-13 12:55:00,Still With You,Jung Kook,0.34,0.47,12,Afternoon,False,0,Sad Gal Hours
2026-01-13 13:01:00,São Paulo,The Weekend,0.55,0.66,13,Afternoon,False,2,Villain Arc
2026-01-13 18:19:00,Moonlight,Chase Atlantic,0.14,0.58,18,Evening,False,1,Main Character Energy
2026-01-13 18:23:00,Brooklyn Baby,Lana Del Rey,0.09,0.66,18,Evening,False,1,Main Character Energy
2026-01-14 01:25:00,Love wins all,IU,0.32,0.45,1,Late Night,False,0,Sad Gal Hours
2026-01-14 03:00:00,Still With You,Jung Kook,0.34,0.47,3,Morning,False,0,Sad Gal Hours
2026-01-14 12:48:00,Like Jennie,Jennie,0.82,0.74,12,Afternoon,False,2,Villain Arc
2026-01-14 12:53:00,Promise,Jimin,0.74,0.18,12,Afternoon,False,0,Sad Gal Hours
2026-01-14 17:04:00,Young and Beautiful,Lana Del Rey,0.15,0.42,17,Evening,False,0,Sad Gal Hours
2026-01-14 17:08:00,Chemtrails Over The Country Club,Lana Del Rey,0.43,0.28,17,Evening,False,0,Sad Gal Hours
2026-01-14 17:13:00,Attention,NewJeans,0.7,0.65,17,Evening,False,2,Villain Arc
2026-01-14 19:07:00,I Wanna Be Yours,Arctic Monkeys,0.48,0.42,19,Evening,False,0,Sad Gal Hours
2026-01-14 19:12:00,luther (with sza),Kendrick Lamar,0.58,0.57,19,Evening,False,2,Villain Arc
2026-01-14 19:18:00,Shy (eh o),PENOMECO,0.91,0.66,19,Evening,False,2,Villain Arc
2026-01-14 19:24:00,august,Taylor Swift,0.4,0.62,19,Evening,False,1,Main Character Energy
2026-01-14 19:27:00,august,Taylor Swift,0.4,0.62,19,Evening,False,1,Main Character Energy
2026-01-14 19:33:00,Brooklyn Baby,Lana Del Rey,0.09,0.66,19,Evening,False,1,Main Character Energy
2026-01-14 19:38:00,Love wins all,IU,0.32,0.45,19,Evening,False,0,Sad Gal Hours
2026-01-14 19:43:00,Friends,Chase Atlantic,0.08,0.61,19,Evening,False,1,Main Character Energy
2026-01-14 19:48:00,august,Taylor Swift,0.4,0.62,19,Evening,False,1,Main Character Energy
2026-01-14 19:51:00,Style,Taylor Swift,0.46,0.79,19,Evening,False,1,Main Character Energy
2026-01-14 19:57:00,All The Stars,Kendrick Lamar,0.55,0.63,19,Evening,False,2,Villain Arc
2026-01-14 20:01:00,Style,Taylor Swift,0.46,0.79,20,Evening,False,1,Main Character Energy
2026-01-14 20:08:00,WOKE UP,XG,0.46,0.63,20,Evening,False,1,Main Character Energy
2026-01-15 12:12:00,Fantastic Baby,BIGBANG,0.58,0.84,12,Afternoon,False,2,Villain Arc
2026-01-15 18:10:00,Barbaad,The Rish,0.28,0.51,18,Evening,False,1,Main Character Energy
2026-01-15 18:13:00,Who,Jimin,0.84,0.76,18,Evening,False,2,Villain Arc
2026-01-15 18:16:00,Dirty Work,Aespa,0.63,0.74,18,Evening,False,2,Villain Arc
2026-01-15 18:20:00,Woman,Doja Cat,0.88,0.76,18,Evening,False,2,Villain Arc
2026-01-15 18:23:00,Glimpse of Us,Joji,0.27,0.29,18,Evening,False,0,Sad Gal Hours
2026-01-15 18:28:00,Barbaad,The Rish,0.28,0.51,18,Evening,False,1,Main Character Energy
2026-01-15 22:03:00,CHIHIRO,Billie Eilish,0.52,0.43,22,Night,False,0,Sad Gal Hours
2026-01-15 22:08:00,Woman,Doja Cat,0.88,0.76,22,Night,False,2,Villain Arc
2026-01-16 01:21:00,Style,Taylor Swift,0.46,0.79,1,Late Night,False,1,Main Character Energy
2026-01-16 02:50:00,All The Stars,Kendrick Lamar,0.55,0.63,2,Late Night,False,2,Villain Arc
2026-01-16 02:53:00,WILDFLOWER,Billie Eilish,0.13,0.25,2,Late Night,False,0,Sad Gal Hours
2026-01-16 02:59:00,Still With You,Jung Kook,0.34,0.47,2,Late Night,False,0,Sad Gal Hours
2026-01-16 03:05:00,Love wins all,IU,0.32,0.45,3,Morning,False,0,Sad Gal Hours
2026-01-17 14:13:00,FE!N,Travis Scott,0.2,0.88,14,Afternoon,False,1,Main Character Energy
2026-01-17 14:17:00,Die With A Smile,Lady Gaga,0.54,0.59,14,Afternoon,False,2,Villain Arc
2026-01-17 14:24:00,Barbaad,The Rish,0.28,0.51,14,Afternoon,False,1,Main Character Energy
2026-01-17 14:30:00,Attention,Charlie Puth,0.8,0.61,14,Afternoon,False,2,Villain Arc
2026-01-17 14:33:00,Young and Beautiful,Lana Del Rey,0.15,0.42,14,Afternoon,False,0,Sad Gal Hours
2026-01-17 14:38:00,Jhol - Acoustic,Maanu,0.52,0.26,14,Afternoon,False,0,Sad Gal Hours
2026-01-17 14:43:00,Like Jennie,Jennie,0.82,0.74,14,Afternoon,False,2,Villain Arc
2026-01-17 14:47:00,Attention,NewJeans,0.7,0.65,14,Afternoon,False,2,Villain Arc
2026-01-17 18:47:00,Fade Into You,Mazzy Star,0.18,0.33,18,Evening,False,0,Sad Gal Hours
2026-01-17 20:17:00,Paper Hearts,Tori Kelly,0.24,0.23,20,Evening,False,0,Sad Gal Hours
2026-01-17 20:21:00,pov,Ariana Grande,0.17,0.53,20,Evening,False,1,Main Character Energy
2026-01-18 02:18:00,Love wins all,IU,0.32,0.45,2,Late Night,False,0,Sad Gal Hours
2026-01-18 02:24:00,Magic Shop,BTS,0.28,0.66,2,Late Night,False,1,Main Character Energy
2026-01-18 02:29:00,Mi Gente,J Balvin,0.31,0.69,2,Late Night,False,1,Main Character Energy
2026-01-18 02:33:00,Swim,Chase Atlantic,0.08,0.54,2,Late Night,False,1,Main Character Energy
2026-01-18 02:36:00,Apocalypse,Cigarettes After Sex,0.17,0.47,2,Late Night,False,0,Sad Gal Hours
2026-01-18 02:41:00,Apocalypse,Cigarettes After Sex,0.17,0.47,2,Late Night,False,0,Sad Gal Hours
2026-01-18 02:46:00,Who,Jimin,0.84,0.76,2,Late Night,False,2,Villain Arc
2026-01-18 02:50:00,FAKE LOVE,BTS,0.35,0.72,2,Late Night,False,1,Main Character Energy
2026-01-18 02:55:00,NO,Meghan Trainor,0.66,0.8,2,Late Night,False,2,Villain Arc
2026-01-18 03:01:00,lovely (with Khalid),Billie Eilish,0.12,0.3,3,Morning,False,0,Sad Gal Hours
2026-01-18 12:08:00,Attention,Charlie Puth,0.8,0.61,12,Afternoon,False,2,Villain Arc
2026-01-18 12:13:00,DAISIES,Justin Bieber,0.48,0.38,12,Afternoon,False,0,Sad Gal Hours
2026-01-18 12:17:00,I Like It,Cardi B,0.65,0.73,12,Afternoon,False,2,Villain Arc
2026-01-18 12:22:00,Magic Shop,BTS,0.28,0.66,12,Afternoon,False,1,Main Character Energy
2026-01-18 14:28:00,Attention,Charlie Puth,0.8,0.61,14,Afternoon,False,2,Villain Arc
2026-01-18 16:36:00,Still With You,Jung Kook,0.34,0.47,16,Afternoon,False,0,Sad Gal Hours
2026-01-18 16:39:00,Promise,Jimin,0.74,0.18,16,Afternoon,False,0,Sad Gal Hours
2026-01-18 16:43:00,WOKE UP,XG,0.46,0.63,16,Afternoon,False,1,Main Character Energy
2026-01-18 16:47:00,CHIHIRO,Billie Eilish,0.52,0.43,16,Afternoon,False,0,Sad Gal Hours
2026-01-18 16:53:00,Jhol - Acoustic,Maanu,0.52,0.26,16,Afternoon,False,0,Sad Gal Hours
2026-01-18 16:59:00,NO,Meghan Trainor,0.66,0.8,16,Afternoon,False,2,Villain Arc
2026-01-18 20:30:00,Sunflower,"Post Malone, Swae Lee",0.91,0.48,20,Evening,False,2,Villain Arc
2026-01-18 23:45:00,Love wins all,IU,0.32,0.45,23,Night,False,0,Sad Gal Hours
2026-01-18 23:51:00,Friends,Chase Atlantic,0.08,0.61,23,Night,False,1,Main Character Energy
2026-01-18 23:54:00,luther (with sza),Kendrick Lamar,0.58,0.57,23,Night,False,2,Villain Arc
2026-01-19 00:01:00,I Wanna Be Yours,Arctic Monkeys,0.48,0.42,0,Late Night,True,0,Sad Gal Hours
2026-01-19 02:21:00,Can't Help Falling in Love,Elvis Presley,0.34,0.29,2,Late Night,True,0,Sad Gal Hours
2026-01-20 12:37:00,Love wins all,IU,0.32,0.45,12,Afternoon,True,0,Sad Gal Hours
2026-01-20 18:04:00,Love wins all,IU,0.32,0.45,18,Evening,True,0,Sad Gal Hours
2026-01-20 18:08:00,Swim,Chase Atlantic,0.08,0.54,18,Evening,True,1,Main Character Energy
2026-01-20 18:15:00,Fade Into You,Mazzy Star,0.18,0.33,18,Evening,True,0,Sad Gal Hours
2026-01-20 18:19:00,Paper Hearts,Tori Kelly,0.24,0.23,18,Evening,True,0,Sad Gal Hours
2026-01-20 18:26:00,Can't Help Falling in Love,Elvis Presley,0.34,0.29,18,Evening,True,0,Sad Gal Hours
2026-01-20 18:30:00,WILDFLOWER,Billie Eilish,0.13,0.25,18,Evening,True,0,Sad Gal Hours
2026-01-20 20:14:00,Apocalypse,Cigarettes After Sex,0.17,0.47,20,Evening,True,0,Sad Gal Hours
2026-01-20 20:19:00,Swim,Chase Atlantic,0.08,0.54,20,Evening,True,1,Main Character Energy
2026-01-20 20:24:00,Glimpse of Us,Joji,0.27,0.29,20,Evening,True,0,Sad Gal Hours
2026-01-20 20:28:00,Barbaad,The Rish,0.28,0.51,20,Evening,True,1,Main Character Energy
2026-01-20 20:33:00,Young and Beautiful,Lana Del Rey,0.15,0.42,20,Evening,True,0,Sad Gal Hours
2026-01-20 20:36:00,I Wanna Be Yours,Arctic Monkeys,0.48,0.42,20,Evening,True,0,Sad Gal Hours
2026-01-20 20:39:00,Moonlight,Chase Atlantic,0.14,0.58,20,Evening,True,1,Main Character Energy
2026-01-21 00:23:00,We Don't Talk Anymore,Charlie Puth,0.35,0.56,0,Late Night,True,1,Main Character Energy
2026-01-22 12:29:00,Into It,Chase Atlantic,0.29,0.57,12,Afternoon,True,1,Main Character Energy
2026-01-22 12:34:00,Love wins all,IU,0.32,0.45,12,Afternoon,True,0,Sad Gal Hours
2026-01-22 12:41:00,Glimpse of Us,Joji,0.27,0.29,12,Afternoon,True,0,Sad Gal Hours
2026-01-22 12:47:00,DAISIES,Justin Bieber,0.48,0.38,12,Afternoon,True,0,Sad Gal Hours
2026-01-22 12:52:00,Can't Help Falling in Love,Elvis Presley,0.34,0.29,12,Afternoon,True,0,Sad Gal Hours
2026-01-22 12:56:00,ONLY,LeeHi,0.15,0.3,12,Afternoon,True,0,Sad Gal Hours
2026-01-22 14:45:00,Glimpse of Us,Joji,0.27,0.29,14,Afternoon,True,0,Sad Gal Hours
2026-01-22 14:50:00,i wish i hated you,Ariana Grande,0.28,0.24,14,Afternoon,True,0,Sad Gal Hours
2026-01-22 14:56:00,Young and Beautiful,Lana Del Rey,0.15,0.42,14,Afternoon,True,0,Sad Gal Hours
2026-01-22 15:01:00,Can't Help Falling in Love,Elvis Presley,0.34,0.29,15,Afternoon,True,0,Sad Gal Hours
2026-01-22 15:06:00,Paper Hearts,Tori Kelly,0.24,0.23,15,Afternoon,True,0,Sad Gal Hours
2026-01-22 15:13:00,Young and Beautiful,Lana Del Rey,0.15,0.42,15,Afternoon,True,0,Sad Gal Hours
2026-01-22 15:19:00,i wish i hated you,Ariana Grande,0.28,0.24,15,Afternoon,True,0,Sad Gal Hours
2026-01-22 15:24:00,Chemtrails Over The Country Club,Lana Del Rey,0.43,0.28,15,Afternoon,True,0,Sad Gal Hours
2026-01-22 21:38:00,Into It,Chase Atlantic,0.29,0.57,21,Night,True,1,Main Character Energy
2026-01-22 21:42:00,lovely (with Khalid),Billie Eilish,0.12,0.3,21,Night,True,0,Sad Gal Hours
2026-01-22 21:48:00,Chemtrails Over The Country Club,Lana Del Rey,0.43,0.28,21,Night,True,0,Sad Gal Hours
2026-01-22 21:53:00,Love wins all,IU,0.32,0.45,21,Night,True,0,Sad Gal Hours
2026-01-22 21:58:00,Apocalypse,Cigarettes After Sex,0.17,0.47,21,Night,True,0,Sad Gal Hours
2026-01-23 01:41:00,Apocalypse,Cigarettes After Sex,0.17,0.47,1,Late Night,True,0,Sad Gal Hours
2026-01-24 12:06:00,Moonlight,Chase Atlantic,0.14,0.58,12,Afternoon,True,1,Main Character Energy
2026-01-24 12:11:00,WILDFLOWER,Billie Eilish,0.13,0.25,12,Afternoon,True,0,Sad Gal Hours
2026-01-24 12:15:00,Moonlight,Chase Atlantic,0.14,0.58,12,Afternoon,True,1,Main Character Energy
2026-01-24 12:20:00,Swim,Chase Atlantic,0.08,0.54,12,Afternoon,True,1,Main Character Energy
2026-01-24 12:26:00,I Wanna Be Yours,Arctic Monkeys,0.48,0.42,12,Afternoon,True,0,Sad Gal Hours
2026-01-24 12:31:00,Chemtrails Over The Country Club,Lana Del Rey,0.43,0.28,12,Afternoon,True,0,Sad Gal Hours
2026-01-24 12:36:00,Chemtrails Over The Country Club,Lana Del Rey,0.43,0.28,12,Afternoon,True,0,Sad Gal Hours
2026-01-24 16:02:00,Apocalypse,Cigarettes After Sex,0.17,0.47,16,Afternoon,True,0,Sad Gal Hours
2026-01-24 16:08:00,Glimpse of Us,Joji,0.27,0.29,16,Afternoon,True,0,Sad Gal Hours
2026-01-24 16:13:00,Apocalypse,Cigarettes After Sex,0.17,0.47,16,Afternoon,True,0,Sad Gal Hours
2026-01-24 16:18:00,Into It,Chase Atlantic,0.29,0.57,16,Afternoon,True,1,Main Character Energy
2026-01-24 16:23:00,I Wanna Be Yours,Arctic Monkeys,0.48,0.42,16,Afternoon,True,0,Sad Gal Hours
2026-01-24 18:16:00,Love wins all,IU,0.32,0.45,18,Evening,True,0,Sad Gal Hours
2026-01-24 18:19:00,lovely (with Khalid),Billie Eilish,0.12,0.3,18,Evening,True,0,Sad Gal Hours
2026-01-24 18:22:00,pov,Ariana Grande,0.17,0.53,18,Evening,True,1,Main Character Energy
2026-01-25 00:41:00,Still With You,Jung Kook,0.34,0.47,0,Late Night,True,0,Sad Gal Hours
2026-01-25 12:39:00,Apocalypse,Cigarettes After Sex,0.17,0.47,12,Afternoon,True,0,Sad Gal Hours
2026-01-25 12:45:00,Young and Beautiful,Lana Del Rey,0.15,0.42,12,Afternoon,True,0,Sad Gal Hours
2026-01-25 19:23:00,I Wanna Be Yours,Arctic Monkeys,0.48,0.42,19,Evening,True,0,Sad Gal Hours
2026-01-25 19:29:00,Barbaad,The Rish,0.28,0.51,19,Evening,True,1,Main Character Energy
2026-01-25 19:35:00,Fade Into You,Mazzy Star,0.18,0.33,19,Evening,True,0,Sad Gal Hours
2026-01-25 19:40:00,Into It,Chase Atlantic,0.29,0.57,19,Evening,True,1,Main Character Energy
2026-01-25 19:45:00,We Don't Talk Anymore,Charlie Puth,0.35,0.56,19,Evening,True,1,Main Character Energy
2026-01-25 19:50:00,Barbaad,The Rish,0.28,0.51,19,Evening,True,1,Main Character Energy
2026-01-25 22:44:00,We Don't Talk Anymore,Charlie Puth,0.35,0.56,22,Night,True,1,Main Character Energy
2026-01-25 22:49:00,Apocalypse,Cigarettes After Sex,0.17,0.47,22,Night,True,0,Sad Gal Hours
2026-01-25 22:56:00,Moonlight,Chase Atlantic,0.14,0.58,22,Night,True,1,Main Character Energy
2026-01-26 00:15:00,Moonlight,Chase Atlantic,0.14,0.58,0,Late Night,False,1,Main Character Energy
2026-01-26 00:21:00,Wait On Me,KAI,0.36,0.87,0,Late Night,False,1,Main Character Energy
2026-01-26 00:25:00,Mi Gente,J Balvin,0.31,0.69,0,Late Night,False,1,Main Character Energy
2026-01-26 02:49:00,Like Jennie,Jennie,0.82,0.74,2,Late Night,False,2,Villain Arc
